uid,issue_age,service_score,age_days,issue_days,is_bad
564053445713921,9,93,10940,3450,0
564261894103040,9,86,11803,3345,0
564413395502735,4,92,10827,1518,0
564557809978609,4,88,13831,1529,1
565172787943979,11,99,11979,4283,0
565229856499567,14,91,13524,5429,0
565338692853669,11,80,12763,4057,0
565826087690520,9,95,11012,3450,0
580542145287413,6,97,10209,2216,0
580542284112917,5,80,12813,2153,0
580542286884331,4,95,10741,1697,0
563606731235329,8,90,14154,3239,0
563764122746882,19,95,14584,6975,0
563808149835779,14,94,13150,5324,0
564170300522496,7,92,10685,2608,0
564206617894912,7,90,12336,2617,0
564282602094592,4,93,12636,1563,0
565089946051758,10,91,12520,3754,0
565568581147469,14,82,12120,5288,0
565903689065603,11,84,12023,4134,0
565974074204352,18,88,14258,6735,0
566250712273346,4,84,12452,1746,0
567950074596046,5,93,9420,1914,0
567950083652951,9,93,14048,3634,0
567950139480282,5,90,14123,2040,0
567950191168404,5,95,10135,2083,0
567950191624078,7,93,10350,2579,0
580542280268746,9,87,10040,3297,0
580542287626352,26,98,17973,9843,0
580542298551068,4,96,8917,1733,0
563578240901120,5,89,11676,2160,0
563685056970752,4,97,14917,1570,0
563855662317569,5,84,9361,1921,0
564124480770048,11,91,11704,4157,0
565030784738897,6,92,12271,2213,0
565915519490322,6,91,12409,2454,0
566182598872326,4,89,9203,1495,0
566339764488130,8,93,11332,3141,0
567950047868721,6,89,11672,2419,0
580542169986942,10,84,11003,3813,0
580542228564017,8,93,11519,3265,0
580542305050137,23,89,17030,8741,0
580542314898425,4,89,11141,1811,0
563430619742208,13,85,14968,4811,0
563764494737411,10,90,12276,3777,0
563853977583616,11,92.95,11905,4090,0
564069884166146,4,88,10194,1609,0
564895357731804,16,98,15496,6085,0
565401342254562,7,89,11378,2589,0
565490610210771,6,95,9855,2279,0
565548034827022,4,84,10563,1649,0
566203500989095,15,67,12481,5787,0
566260600278988,16,86,13415,5987,0
580542228933806,10,78,13923,3763,0
580542255331449,4,83,10076,1762,0
580542297143526,6,80,9930,2399,0
580542321979886,9,86,11358,3586,0
563518625218561,7,97,11250,2875,0
564619877817585,11,100,18183,4325,0
565535553359889,22,100,15714,8255,0
565710824613738,8,96,11518,2970,0
565911446497894,3,86,10453,1229,0
580542157816051,4,93,13739,1528,0
580542264670841,5,99,10913,1987,0
580542274115441,7,90,14362,2908,0
580542306965621,10,100,11456,3719,1
580542327029384,8,97,12605,3253,0
563457764433920,5,97,13640,2027,0
564067013951488,4,82,14889,1515,0
564506379362968,4,99,12130,1628,0
565064757880353,7,96,14719,2733,0
565485770446348,6,83,11460,2412,0
565613815802384,12,74,12031,4664,0
566233651687206,20,88,18095,7342,0
567949960970338,25,92,17143,9468,0
567950051368394,11,88,11769,4150,0
567950188838430,17,93,13110,6339,0
580542159976420,13,91,14079,5080,0
580542239157172,7,87,10568,2594,0
580542254146200,3,96,9465,1369,0
580542278207952,3,85,10985,1446,0
580542289028644,4,93,10522,1790,0
580542301713390,7,76,11288,2727,0
580542308166730,3,85,9670,1392,0
563130039472134,23,87,18196,8742,0
563403896655872,7,90,10738,2749,0
563735412080643,7,85.3,9499,2767,0
563813029707779,5,100,12745,2092,0
563813898452994,10,81,15914,3700,0
564861161898585,6,92,12599,2218,0
565179017338999,8,86,10176,2929,0
565371932124160,3,82,10963,1221,0
565666903174725,18,85,14870,6780,0
565905447857601,8,89,13512,3278,0
565956555773370,10,95,13501,3889,0
567950007659531,13,64,17625,4985,0
567950007993333,7,87,10229,2714,0
567950193080405,9,85,13251,3436,0
580542159635286,6,88,11962,2235,0
580542240895033,5,90,9505,2006,0
580542241771117,4,99,10003,1758,0
580542253379453,6,92,10518,2253,0
580542268763071,5,86,9968,2149,0
580542270464675,10,94,11633,3884,0
580542276378423,6,93,12725,2551,0
580542277438441,4,91,10273,1733,0
580542298315231,4,99,9717,1815,0
580542336447101,11,90,13305,4295,0
563389016047616,15,97,13725,5760,0
563524070019072,3,95,10773,1433,0
563780555706369,11,92,13372,4017,0
564165205041152,6,89,11092,2287,0
564415133716291,9,90,11960,3398,0
564941539582632,11,100,12577,4190,0
565028396205287,21,78,17232,7846,0
565150447898402,5,99,13551,2088,0
565253758915172,9,89,10686,3624,0
565429117853699,16,88,13711,5970,0
565463594246035,6,92,11512,2425,0
566372226637992,8,78,11183,3034,0
567949979394088,5,89,10284,2146,0
567950173590266,4,79,10461,1498,0
580542226781288,11,86,12909,4101,0
580542262736734,7,82,9688,2854,0
580542290518027,4,80,11960,1500,0
580542292252982,11,81,13589,4181,0
564852182425231,8,95,10757,3201,0
565506924749722,22,93,16128,8331,0
566017494485407,5,89,9608,1972,0
566091240444884,12,94,19000,4567,0
567950011741573,8,70,10134,3259,0
580542171904507,6,74,14621,2239,0
580542173186483,7,83,10016,2876,0
580542183350103,7,95,18010,2842,0
580542260332646,3,71,11890,1383,0
580542279385386,9,80,11466,3355,0
580542281758305,7,85,11373,2799,0
565552199964719,8,71,11640,3196,0
565722320348823,9,88,14089,3378,0
567949976275018,8,93,11560,2994,0
567950073162456,5,91,9968,1916,0
567950195232154,6,100,12675,2322,0
580542264200498,7,90,11682,2917,0
580542278678538,13,94,13896,4883,0
564226688225284,-1,89,10245,-1,0
565072543229450,10,95,12231,3763,0
566010101569015,17,91,13174,6346,0
566270263364828,7,99,12931,2768,0
567949984884249,7,88,10808,2852,0
567950016365051,11,97,12935,4091,0
567950048244941,6,95,9050,2272,0
567950067526208,9,100,12350,3394,0
567950125167891,8,84,14805,3205,0
567950140322025,11,86,11505,4273,0
567950189836191,13,93,17515,4857,0
580542159077993,11,90,12641,4315,0
580542177658543,15,80,12723,5701,0
580542230957181,6,90,11707,2444,0
580542241950165,17,86,13030,6268,0
580542265795886,5,82,9279,1901,0
580542273007463,12,94,11354,4457,0
580542277046729,5,87,13228,2157,0
580542304781901,8,83,10296,3174,0
580542315740127,3,88,11160,1365,0
563632378413056,9,95,13637,3419,0
564465728623066,4,98,10193,1727,0
564535048350399,3,93,10421,1321,0
566239159456682,23,94,15695,8413,0
567950064286736,4,90,12238,1822,0
567950086667505,6,99,10456,2370,0
567950146739322,6,87,12302,2438,0
567950196746760,9,89,13394,3625,0
580542148105814,5,94,13322,1903,0
580542249331332,4,88,8444,1560,0
580542266720286,6,84,9615,2277,0
580542310986658,15,89,16367,5815,0
563475796660225,10,80,11891,3971,0
563907024257025,6,91,9673,2398,0
564800261729921,8,92,11125,3008,0
564815507500499,10,87,17984,3808,0
565043727575026,8,97,12172,2988,0
565303693284823,10,95,11760,3999,0
565314892011489,11,89,13384,4293,0
565746713167136,4,97,11030,1805,0
566393032022770,7,78,13850,2827,0
567950006888219,4,89,11463,1566,0
567950107570869,4,91,9992,1732,0
580542146848365,7,98,10759,2747,0
580542240914929,12,85,11442,4483,0
580542257102802,8,98,13562,2988,0
580542261180831,5,96,10021,2102,1
580542296645717,12,94,14495,4692,0
580542304462369,4,99,14956,1616,0
564665430909387,5,93,9387,2070,0
565186395057046,6,80,12704,2382,0
565356399306339,7,99,10290,2670,0
565672635336801,15,82,15415,5807,0
566028404005286,5,90,8850,2034,0
567950081889430,5,88,11385,1863,0
580542152459000,5,80,10031,1936,0
580542157934302,6,94,11076,2530,0
580542187571164,5,83,11846,1935,0
580542263366066,4,92,10097,1641,0
580542273360314,3,96,9210,1430,0
580542273608197,3,91,8826,1458,0
580542309250618,14,93,14975,5353,0
580542318785514,3,89,8412,1395,0
563962724155396,22,89,15345,8087,0
564733683631080,5,91,12063,2148,0
564912876887106,12,100,11799,4436,0
565043469419652,8,94,11626,3000,0
565063149300595,8,94,10312,2921,0
565400897529627,10,87,11998,3764,0
566183128933637,7,97,10552,2786,0
567950069580786,4,80,11803,1615,0
567950082101207,9,100,16051,3352,0
580542150097445,4,89,12197,1578,0
580542168020801,4,96,9570,1612,0
580542168516915,4,69,8702,1609,0
580542171382403,18,98,12767,6585,0
580542219048007,5,88,11333,2088,0
580542234245893,7,96,9923,2887,0
580542274474187,7,94,10836,2621,0
580542322364458,5,90,13619,2061,0
562950076472926,10,70,16488,3793,0
563978933047301,4,87,9388,1601,0
564285673836544,5,87,12881,2007,0
564455525131840,3,96,10583,1454,0
565574766242267,20,92,18929,7620,0
565754509008316,8,90,12017,3071,0
565922560280748,13,92,15329,5099,0
565925865195126,4,80,10811,1538,0
566192550840002,7,84,9930,2655,0
567950167358605,7,76,9652,2832,0
580542157495632,4,97,9174,1802,0
580542284408870,7,73,9531,2722,0
580542293004916,17,93,13164,6306,0
580542302707510,3,95,10886,1433,0
565110602929452,17,81,16693,6428,0
565237133158803,10,87,15139,3779,0
565541206557708,11,99,13623,4247,0
565595888495703,3,84,11206,1411,0
565806191355000,11,94,13226,4050,0
565907890438631,4,71,11748,1611,0
566197200751053,11,90,11508,4021,0
567950164682827,10,89,11567,3884,0
580542153603463,6,87,10304,2523,0
580542267347993,11,92,11328,4221,0
580542308477271,7,86,10659,2706,0
580542309452461,4,79,10538,1667,0
563130012012544,11,89.25,12437,4030,0
563206840524801,9,83,13515,3443,0
563423725101056,7,89,10954,2649,0
563479698669570,9,78,13339,3566,0
563707753205760,7,94,10507,2679,0
564186329653249,3,92,14602,1188,0
564742860841513,4,90,10283,1528,0
565042584949733,23,94,19726,8627,0
565360803318317,6,86,9950,2508,0
566148856229004,7,93,11514,2750,0
566294965652514,10,97,18083,4010,0
566363148781974,6,87,9031,2383,0
567950181648614,5,84,9704,2120,0
567950191799754,14,89,12884,5220,0
580542171223836,18,99,14967,6716,0
564011639312386,8,91,15597,3099,0
564973093333878,8,80,10598,3153,0
565149765217127,4,81,8791,1783,0
565233619185498,14,98,16413,5172,0
565270837664987,14,98,11943,5297,0
567950042373097,18,99,17145,6906,0
567950089442549,13,93,13410,4962,0
580542158592699,4,89,8436,1549,0
580542229128977,4,84,8847,1507,0
580542232814549,14,72,13864,5261,0
580542256652791,4,91,8847,1461,0
580542263243889,8,88,12013,3079,0
565326391879113,11,92,13187,4135,0
565370658037361,3,79,14842,1307,0
565911416407939,10,88,11129,3705,0
566029862709220,6,89,9930,2510,0
567949982503928,4,94,14286,1727,0
567950018499528,10,99,11118,3680,0
567950156674736,7,63,11240,2768,0
580542187740830,9,98,11792,3406,0
580542223294816,8,96,14221,3012,0
580542225246312,5,87,9613,1851,0
580542246791120,5,90,10603,2002,0
580542260755136,20,94,16343,7556,0
580542286497636,3,81,9204,1357,0
563159383670787,8,89,12456,2963,0
563531576315904,19,75,14020,7201,0
563883193073664,26,89,17540,9843,0
564462776820651,13,92,14128,5016,0
564920778625225,4,98,13174,1580,0
565198036804856,6,78,11369,2389,0
565296234901127,10,92,12288,3791,0
567949998708402,5,93,9558,1831,0
567950197972955,3,80,9968,1290,0
580542157274645,9,96,10255,3532,0
580542225484819,5,93,9233,1830,0
580542262033143,7,93,10485,2852,0
580542302032715,8,88,11213,3181,0
580542302273805,7,88,10400,2774,0
563315684413441,9,96,18430,3520,0
563714571894784,-1,70,11067,-1,0
564293737123842,8,83,11668,3196,0
565342654506877,5,82,13112,1921,0
565571371010610,20,84,18812,7489,0
566243212012943,5,80,10644,1875,0
567949966450896,14,93,15607,5119,0
567949972682867,9,100,13518,3392,0
567950086671844,4,87,9060,1622,0
580542145837298,17,87,14482,6291,0
580542235813398,7,100,10501,2685,0
580542287254300,4,91,10390,1810,0
580542293023215,8,84,12422,3105,0
563803648954369,5,63,13934,2138,0
563882519302146,13,85,14544,4785,0
564516326151214,3,77,11714,1312,0
564756792547139,11,78,10994,4091,0
565411093152244,11,80,14006,4232,0
565708565654207,15,86,14555,5570,0
565741577185766,10,81,10915,3792,0
580542159885703,12,88,17179,4743,0
580542249301973,10,89,11542,3776,0
580542301972077,8,86,9660,2970,0
580542308517165,4,97,9083,1777,0
564214947520512,13,89,14868,4822,0
564307626688513,13,88,11623,4946,0
565597262719604,8,86,11556,2957,0
565687483838025,27,86,17621,10000,0
566313001092007,8,88,11967,3135,0
567949955796780,10,87,14545,3735,0
567950157534358,13,100,11629,4843,0
580542229146184,13,93,15306,4853,0
580542249081128,3,85,11123,1117,0
580542350342109,11,89,12104,4082,0
563961926582272,34,94,20528,12511,0
564747530929221,10,99,11754,3700,0
565508189851486,12,92,16175,4498,0
565784275852056,11,98,16060,4132,0
565830921038660,7,78,10284,2848,0
565966045911257,8,84,17797,3240,0
566254607151062,20,94,16308,7397,0
567949968667273,17,80,16024,6311,0
567950113288269,5,83,9924,2147,0
567950113981577,4,89,8335,1515,0
580542140568071,4,93,8578,1811,0
580542157344809,7,89,11323,2684,0
580542175349493,12,99,12591,4561,0
580542187344790,4,89,10237,1805,0
580542235657521,4,80,9507,1552,0
580542291856495,6,89,11653,2322,0
563582633443329,5,81,14453,1990,0
564325504191584,7,80,11623,2656,0
565190882690923,10,95,11636,3702,0
565502833140676,3,85,9498,1317,0
565693590151742,5,97,15714,2158,0
566339800533897,8,87,18603,3163,0
567950022280028,8,98,11117,2930,0
567950033732142,17,89,13576,6332,0
567950077638570,17,99,13496,6424,0
567950085684195,16,90,13544,6074,0
567950092027928,4,83,10824,1500,0
567950135504416,5,86,8586,1853,0
567950176247130,5,88,8534,1826,0
580542167508565,14,89,16119,5274,0
580542231051248,6,92,9621,2306,0
580542276900160,11,93,13692,4174,0
580542285821829,6,81,11206,2232,0
580542294518324,8,91,9897,3001,0
564453174806582,9,93,11729,3489,0
565094267360560,6,92,11386,2372,0
565156979681438,7,94,13621,2785,0
565429172707104,5,97,8850,1878,0
565447524954034,25,97,18187,9474,0
565921883230752,5,97,10949,1889,0
566421129202651,8,90,11133,3084,1
580542178938275,16,92,13594,6120,0
580542269955219,6,89,10975,2508,0
563496488992769,5,90,11489,2189,0
563801240506368,6,92,9628,2498,0
564200903614465,5,95,14407,2173,0
564798565852148,14,100,14853,5207,0
565546058786416,4,88,9805,1523,0
565559318086871,8,91,10895,2994,0
565567550264591,4,96,9568,1508,0
565859292622613,12,85,11577,4455,0
566310989729550,7,96,12311,2909,0
566311961494368,9,99,10644,3591,0
567950178611866,3,94,10958,1406,0
580542182455934,9,92,12693,3517,0
580542240647102,7,99,10625,2582,0
580542252406396,4,98,8839,1528,0
580542257604020,6,81,10841,2421,0
580542258012304,5,90,12214,2008,0
580542267842067,12,90,12016,4513,0
580542294873634,6,77,10668,2214,0
565455783532328,14,88,14166,5461,0
566247766360606,20,88,14254,7355,0
567950067049677,4,93,9338,1538,0
567950192390516,10,96,13816,3772,0
567950195338817,6,74,10740,2448,0
580542296684459,12,97,15717,4436,0
580542297293837,10,89,10848,3713,0
563988370694147,8,90,11023,2921,0
564127129276418,4,89,15087,1670,0
565009226344311,6,81,10400,2279,0
565409975315532,17,93,14093,6388,0
565910542097520,7,95,16653,2704,0
566514394278685,5,99,11283,2120,0
567950090238901,9,94,13162,3447,0
567950180753656,9,91,11997,3441,0
580542158787793,6,81,13429,2551,0
580542222739388,16,98,14454,5945,0
580542256199720,9,100,12653,3471,0
580542278376095,4,95,11363,1781,0
580542290707870,4,98,9300,1727,0
580542294534418,14,100,14749,5273,0
580542297470238,13,91,13750,4906,0
580542303538468,8,88,12545,3078,0
580542316474244,7,91,10298,2638,0
563672986947585,18,86,17546,6641,0
563787218231301,23,94,15329,8432,0
563831196819460,10,93,14302,3812,0
563923315466243,7,94,12307,2720,0
565093162358616,5,85,9056,2141,0
565287937315603,7,80,13282,2881,0
565299681961284,11,98,11786,4357,0
565300160368184,3,80,17078,1305,0
565342521333994,5,87,14468,2148,0
565350561093030,21,93,15453,7989,0
565574456974609,7,79,13498,2688,0
565727584323944,10,96,11340,3845,0
565905494841462,3,89,9248,1362,0
566294426357973,8,91,11368,3055,0
567949965867789,3,93,11034,1441,0
567950107373225,8,89.1,12647,2949,0
580542247635065,6,90,10973,2221,0
580542258952225,16,87,12804,6172,0
580542279244659,7,89,10592,2707,0
580542279889339,3,91,11139,1416,0
580542283177731,5,85,10136,2137,0
580542285229729,9,92,10633,3378,0
580542339770828,10,85,14061,3657,0
563679158992896,5,87,15324,2131,0
564420270558572,12,91.25,11918,4601,0
565338842662514,10,74,10770,4003,0
566204243779620,15,92,12442,5811,0
566401629235483,4,83,9305,1511,0
567950171536848,15,94,15267,5509,0
580542257108564,9,95,15850,3593,0
580542275611994,3,89,8265,1427,0
580542277318424,6,94,12881,2553,0
564413566421617,6,91,10328,2260,0
565423208403526,5,83,10353,2168,0
565860196551811,20,91,17018,7408,0
567950072289925,5,96,11447,1990,0
567950139001511,4,91,9538,1685,0
580542175320391,4,91,10060,1467,0
580542246939523,8,88,9596,2943,0
580542258696243,10,75,11717,3653,0
580542261578059,5,92,13131,2103,0
580542263526387,6,91,9420,2287,0
565158009962820,9,92,11554,3509,0
565479453174818,12,81,12635,4566,0
566157693623904,6,78,11706,2367,0
566254374759213,4,96,10004,1748,0
566479978114581,6,92,12121,2329,0
567950000172750,7,87,9593,2760,0
580542148056072,6,76,10351,2279,0
580542159991718,9,93,12414,3343,0
580542181271726,7,96,12633,2825,0
580542295942460,7,84,12951,2850,0
564046246580224,4,84,14039,1780,0
565630525775405,9,96,12183,3561,0
565744731498119,11,86,13352,4344,0
565746056373960,13,91,13139,5064,0
566254378551892,4,78,11320,1813,0
567950036728777,18,99,15670,6701,0
567950115342663,5,89,9750,1864,0
567950191985599,11,91,10871,4063,0
580542231928227,5,98,8815,1865,0
580542235801709,10,87,12033,3896,0
580542261141694,6,87,8964,2341,0
580542267359678,11,100,11664,4357,0
580542308973457,23,89,17893,8725,0
580542314975159,7,96,10641,2845,0
563423877533696,9,89,11435,3525,0
564585433074646,16,88,14180,5931,0
564628852901246,8,85,9834,3047,0
564947691579077,4,86,11707,1787,0
565143794557702,21,100,15212,7703,0
565456026806254,3,91,13568,1360,0
580542173620048,9,92,12505,3467,0
580542247476728,4,85,13715,1686,0
580542308069010,11,89,14878,4213,0
580542312558296,8,78,10635,3053,0
563239962284032,15,87,14090,5696,0
563672927436801,17,85.1,16587,6304,0
564402290172291,7,90,11088,2866,0
564524407464835,7,87,9566,2825,0
565088149249286,15,90,12737,5703,0
566117792098018,9,88,10960,3632,0
566328104389959,8,91,9897,3008,0
567950141909543,10,85.8,12885,3958,0
567950188988893,5,90,10376,2028,0
580542170488075,9,77,13339,3635,1
580542236711543,6,97,11562,2370,0
580542292468697,8,93,12529,3104,0
580542302568363,15,97,13660,5814,0
565176727109746,4,90,9623,1580,0
565240663124473,3,92,12449,1382,0
565789964175183,16,93,13401,5976,0
566112219439268,10,84,11133,3951,0
566225717494758,5,95,9896,2154,0
567950191624512,6,74,11123,2439,0
580542140392868,4,96,11545,1747,0
580542227668214,10,92,11685,3980,0
580542228156408,11,91,12038,4332,0
580542231020676,3,94,8565,1451,0
580542253435290,5,89,11327,2087,0
580542264144788,4,94,8670,1771,0
580542266279748,5,100,9798,2133,0
580542267799657,16,91,14960,6192,0
564001170923521,5,79,11327,1829,0
564392874086714,25,91.25,16825,9465,0
565271105182683,17,94,14012,6522,0
565308756464786,12,82,11448,4681,0
565574677634866,11,92,13848,4336,0
567949976467834,5,92,11961,2158,0
567950014181493,3,96,10287,1432,0
567950112513573,3,80,11734,1344,0
580542174127669,5,87,9889,2042,0
580542230104835,10,93,14584,3965,0
580542247134649,3,80,9017,1371,0
580542265728903,4,93,8475,1748,0
563852844273664,15,80,12548,5583,0
564007336808450,8,88,10756,3279,0
564453906325076,4,86,12213,1623,0
564911601561334,6,91,9939,2330,0
565262399248058,17,97,12951,6324,0
565359633500805,4,76,10118,1790,0
565402057778118,3,93,11753,1390,0
567949990203420,9,96,11913,3534,0
567950093094318,12,86,11537,4689,0
567950159314626,4,99,8893,1562,0
580542173330499,23,98,16533,8735,0
580542234090170,4,97,14125,1553,0
580542238186988,7,99,11643,2821,0
563656966995969,5,87,10141,1827,0
563765100875777,10,90,14794,3820,0
564772711113025,7,77,9536,2851,0
565281369884783,6,90,12059,2508,0
565693526445491,7,79,10898,2799,0
567950120203065,5,91,15042,1852,0
567950158636219,5,90,12813,1902,0
567950192327411,5,94,10355,1942,0
580542175423215,6,80,9775,2369,0
580542304365797,22,90,15407,8091,0
562950069383754,5,90,11299,1934,0
565361376364189,14,94,15003,5291,0
567949965200542,10,89,12423,3936,0
567950180262721,7,95,11224,2835,0
580542239556116,8,95,13460,3141,0
580542264597475,14,90,12761,5441,0
580542291855876,10,80,11072,3755,0
580542339298960,9,94,9913,3297,0
563634536845312,9,91,12814,3440,0
565019710982546,7,66,9571,2799,0
565460033744265,10,84,10647,3835,0
565496553738915,7,94,10108,2889,0
565729156144544,10,90,10572,3692,0
567950084872370,15,91,12326,5536,0
567950085063925,9,80,12070,3407,0
567950099857123,18,99,15838,6823,0
567950151628157,7,75,10142,2705,0
567950165866348,6,92,10503,2265,0
580542240421605,7,99,10011,2628,0
580542248803737,7,94,10547,2693,0
580542268547616,4,86,9751,1525,0
580542276028457,4,84,8826,1650,0
580542277480869,7,88,11098,2643,0
580542302496503,10,80,11126,3658,0
563241360953345,6,88,13348,2213,0
564597008959439,6,90,15147,2251,0
564873577237749,4,89,9131,1748,0
565842821054813,20,100,19291,7625,0
566182647437770,8,95,14400,2960,0
566530721655202,9,90,11583,3327,0
567949992872162,9,92,11949,3329,0
567950057665988,7,99,10182,2886,0
580542170679480,5,80,9179,1978,0
580542173475491,4,88,11233,1781,0
564423970001162,7,97,12011,2578,0
564758486515877,12,89,11447,4391,0
565150330530580,4,87,13527,1651,0
565359670340126,4,78,13805,1601,0
565687915192120,5,100,13917,1871,0
565806170385130,9,98,13208,3446,0
567949962824621,10,94,16361,3705,0
567949968475379,7,90,12459,2887,0
567950001268303,9,77,10398,3401,0
567950047470189,4,82,10070,1522,0
567950146505119,18,97,15267,6712,0
580542147615013,4,71,11097,1613,0
580542288071443,7,90,12274,2608,0
580542313255763,9,94,12026,3342,0
563662891581441,11,89,11148,4322,0
563753462403073,6,80,12329,2258,0
564545923915461,13,89,16444,4787,0
565092705836054,9,89,14395,3454,0
565230438777684,7,83,14778,2686,0
565501401893590,7,90,10183,2686,0
565706506570277,10,93,12425,3874,0
565825900260908,13,94,12590,4841,0
566139821687146,9,84,10287,3289,0
567949999739848,4,90,9545,1616,0
567950119173696,8,91,11905,2953,0
567950146911400,10,95,17385,3814,0
567950162794850,6,80,9351,2375,0
567950181135252,12,100,13915,4743,0
580542166604706,11,80,11226,4268,0
580542299784050,11,100,11284,4079,0
580542303304762,10,88,14383,3663,0
563485741948928,4,93,12489,1739,0
563559247716352,20,95.35,16003,7530,0
564602088984403,8,99,11127,3253,0
566363490882395,5,85,8686,1871,0
567950028147005,21,69,15557,7863,0
580542143944521,4,93,12222,1567,0
580542153424563,16,90,13530,6158,0
580542274071497,6,100,11928,2273,0
580542283711114,15,97,13273,5735,0
580542299976109,9,95,14332,3596,0
563690408058880,4,93,16708,1728,0
563753821667328,13,79,12686,4882,0
564924833206285,22,86,18650,8189,0
565677417438203,4,89,11656,1735,0
565681865366968,9,93,11959,3327,0
565970830562145,15,93,15776,5682,0
567950154825754,5,87,8658,1831,0
580542263357428,8,99,10557,3008,0
580542273057918,5,91,10447,1979,0
580542273922510,5,100,12750,2036,0
580542299612020,8,82,13975,2945,0
580542300294130,9,88,10979,3349,0
580542304057577,3,80,9475,1293,0
580542326819232,9,89,10542,3345,0
580542331016906,4,79,10447,1482,0
563695198281728,18,93,17025,6669,0
564488190174817,3,92,10508,1377,0
564631013365128,10,92,13698,3940,0
566198734302378,9,97,11402,3301,0
567950082693299,10,92,15677,3709,0
567950189400434,10,95,11919,3691,0
567950189593579,10,97,16833,3762,0
580542188646369,4,97,9792,1791,0
580542298480961,13,98,18012,4836,0
563835429851138,11,85,13882,4304,0
563878096347136,6,68,9848,2239,0
565127904369115,19,90,14912,7255,0
565229266739964,4,95,9895,1537,0
565835677371449,6,85,12058,2319,0
566113765433978,19,91,13910,7138,0
566384910729915,17,99,14003,6346,0
567950127927158,5,100,10967,1907,0
580542228098388,16,81,12700,6026,0
580542245940200,5,96,8718,1922,0
580542281517426,14,91,15627,5178,0
580542285287626,6,90,10793,2227,0
580542285548120,13,97,12582,4812,0
580542296061796,4,88,9621,1789,0
563544149270531,4,80,10525,1765,0
564033155633152,9,93,13366,3286,0
564947437362824,4,91,13229,1573,0
565012826556953,3,87,11460,1350,0
565207181169322,7,88,12087,2767,0
565967694863229,10,80,11303,3848,0
566334338042328,5,95,8977,1886,0
566491818043419,22,90,14574,8189,0
567950176006645,5,41,10086,1881,0
580542212640049,8,94,11082,2932,0
580542224286203,18,90,15271,6775,0
580542238053410,7,97,9577,2916,0
580542249507747,11,100,11203,4274,0
580542328980351,3,92,10497,1312,0
562950078899192,22,89,15798,8088,0
564206621425664,3,89,12676,1455,0
565047711440208,9,98,11606,3385,0
565361743436922,17,96,15178,6451,0
565982921623786,20,80,14988,7397,0
567950140910188,8,93,11053,2924,0
580542143764916,11,89,11273,4078,0
580542170859780,7,77,11097,2888,0
580542245834690,4,80,14379,1483,0
580542260206396,7,93,14884,2805,0
580542308596218,15,91,17145,5627,0
580542341733918,10,87,11756,3883,0
563440493993987,7,89,10034,2735,0
563471970869248,16,94,12585,6011,0
563708121714694,14,86,16439,5301,0
565065963801441,15,97,13594,5570,0
565514882778320,9,90,12252,3404,0
565704981091420,5,91,13515,2151,0
565705771782232,7,94,11714,2634,0
567949999280881,6,88,9064,2293,0
567950073117687,12,90,11220,4511,0
567950160867333,5,89,8856,2159,0
567950194254969,4,94,11637,1593,0
567950195223113,6,72,9770,2436,0
580542143352106,4,94,10710,1748,0
580542155218935,10,95,16269,3734,0
580542281683571,3,92,9881,1445,0
580542301870859,8,89,10226,2972,0
580542311090291,7,100,10025,2894,0
580542320051758,7,91,10153,2704,0
563995929477121,6,95,10303,2550,0
564464836084728,23,91,16925,8494,0
565696267491079,21,80,17883,8020,0
565808234890961,9,90,10500,3299,0
565846286407144,20,82,15792,7633,0
566254592002038,4,88,9801,1628,0
567950061453302,6,87.05,9415,2352,0
567950124851694,13,94,12468,4828,0
580542167036680,11,84,14453,4302,0
580542222347542,4,81,10274,1516,0
580542235689970,4,94,8842,1491,0
580542237130288,8,61,9730,2972,0
580542238684596,9,100,10863,3510,0
563326214283266,12,82,11550,4716,0
566061065049989,10,85,12403,3798,0
566450422290648,6,66,11858,2547,0
567949959443068,4,88,9134,1532,0
567949984593539,11,93,13060,4027,0
567950169321630,4,95,15299,1794,0
580542311592327,17,80,14296,6210,0
565423242285313,6,86,9236,2432,0
565537395250960,5,88,12283,1923,0
565539766540804,5,71,9716,2153,0
565706934847565,6,83,11350,2420,0
565866724201687,16,88,12662,5970,0
566216418724478,13,99,13103,4861,0
567950097098792,3,80,10753,1458,0
567950119571660,4,86,8471,1677,0
580542145948231,15,86,12199,5574,0
580542189850428,9,86,11817,3331,0
580542225125295,24,96,15122,8834,0
580542298006764,5,95,9989,2181,0
565886500608148,6,83,9505,2197,0
565907862526347,7,96,15367,2734,0
567950106192651,4,100,8424,1483,0
567950161225061,11,93,10965,4070,0
580542146029547,6,88,12306,2326,0
580542263259149,5,99,9147,1850,0
563418292490241,6,83,13709,2494,0
563598407700480,7,90,12000,2802,0
563631960760320,5,94,9853,1907,0
564651037961344,8,90,12337,3146,0
565394036366119,4,76,9559,1512,0
565602249216973,5,89,10798,2179,0
566045088622207,10,89,14391,3665,0
566136992302426,8,79,10433,3218,0
566254602821439,9,100,11796,3499,0
567949997931046,3,87,9757,1438,0
567950073570953,4,84,9777,1546,0
580542265386885,7,91,11140,2831,0
580542270234004,10,91,13957,3707,0
580542281582110,21,92,14391,8014,0
580542316609002,10,94,11204,3929,0
563799945314304,11,90,13446,4065,0
563826224861187,6,90,12716,2200,0
564871825398636,5,94.25,10428,2148,0
565117267412529,6,97,11090,2537,0
565813769996105,3,97,9445,1298,0
565897741927385,8,99,11972,3251,0
566095473944959,6,92,19893,2326,0
567950055605939,8,92,11981,3159,0
567950096885201,27,99,16005,10060,0
567950182913823,9,93,17929,3462,0
580542238536465,7,89,11947,2834,0
580542276992057,6,85,11561,2224,0
562950070569051,7,92,11587,2734,0
563803543900164,12,80,13427,4617,0
567949995656580,8,99,10026,2993,0
567949998557756,18,91,18545,6614,0
580542183099484,4,87,8585,1747,0
580542253336452,21,97,16323,7685,0
580542289126911,6,96,9728,2482,0
580542296562685,6,85,11495,2267,0
564862270120720,9,88,11654,3616,0
565410582108092,6,71,10262,2508,0
565508898492992,9,80,11002,3310,0
565976147631529,4,89,8819,1507,0
566084662992494,18,89,16668,6696,0
566137132813105,9,100,14397,3361,0
567949974223507,15,99,17667,5563,0
567950022708807,9,95,16341,3439,0
567950107171413,19,88,13617,6979,0
567950150517847,16,93,14931,5959,0
563621968486400,15,93,15323,5526,0
563657031950336,29,89,19205,10601,0
564391370561635,5,92,13786,1868,0
565427951512480,16,96,12783,6160,0
565729813277405,8,88,11481,3280,0
565886301970891,10,97,10397,3715,0
565992591131250,12,91,12766,4667,0
567950032415672,5,83,10058,1934,0
580542149572012,6,94,9369,2469,0
580542264412781,7,98,12205,2686,0
580542315585010,3,96,9543,1459,0
563405930831873,4,86.25,13135,1566,0
563810184208385,14,93,13048,5150,0
563838736863233,16,94,13208,6030,0
563949628620801,8,92,12488,3205,0
564725631814908,12,92,12414,4727,0
564919508140649,6,89,10950,2490,0
567950151870555,5,88,9584,1889,0
580542145523357,7,91,10522,2567,0
580542232414097,6,95,10852,2406,0
580542295091821,7,75,9930,2890,0
580542308487102,5,83,11573,2139,0
580542311016803,6,89,9649,2529,0
564118464172032,11,78,12591,4115,0
564124322570241,7,90,11239,2578,0
564993704859325,20,86,18552,7423,0
565168897859662,7,96,10188,2622,0
565316338190579,14,93,17727,5465,0
566027317283528,10,85,14325,3951,0
566254426264467,4,83,8351,1574,0
567950046270144,5,81,10319,2091,0
567950047448872,6,91,12418,2368,0
567950105585104,8,88,12267,3105,0
567950114329524,4,88,11378,1639,0
580542141083792,21,89,17539,7802,0
580542168451851,4,80,9228,1460,0
580542236298386,5,96,10778,2159,0
580542280109276,10,97,10973,3768,0
580542289794132,9,91,11768,3399,0
563682270838785,6,97,10179,2427,0
563781892112384,19,100,13833,6997,0
563949612568577,8,81,14447,3125,0
565067276757033,9,88,10682,3380,0
565076881310714,8,87,11198,3233,0
565110744100560,-1,96,17523,-1,0
565473830641463,13,100,12429,4854,0
567950114128281,12,100,12652,4535,0
567950141975568,22,92,21386,8258,0
580542224664008,6,93,10442,2200,0
580542225348375,10,75,14363,3960,0
580542233218603,11,86,11385,4148,0
580542246081977,8,80,10689,2923,0
563592254984193,9,86,10928,3394,0
563651101003779,4,98,14153,1600,0
565069790193777,17,95,13189,6236,0
565107317346238,10,94,12038,3995,0
565252085067708,9,61,11415,3363,1
565699078132886,6,92,10475,2322,0
566293062032928,9,79,10578,3621,0
567950150623230,9,89,15375,3642,0
580542170060126,7,89,14148,2642,0
580542303037497,25,95,18182,9417,0
563238529204224,6,92,11581,2512,0
563988624576512,5,94,9711,1831,0
564347944377276,8,93.45,11415,3042,0
564707533725573,3,80,12794,1433,0
564738824800381,19,87,14679,7136,0
565008826173188,4,85,17217,1768,0
565028304915804,5,98,10226,1878,0
565220561977925,5,90,12784,2151,0
565518325845474,14,90,13555,5318,0
565664747751676,10,91,14245,3798,0
565732331163105,4,91,10357,1613,0
565852566259950,6,100,10513,2257,0
567950073146191,7,93,10957,2897,0
580542269637190,5,73,9944,2030,0
580542283440063,7,89,11752,2719,0
580542297873471,13,100,13584,4867,0
564019244171264,13,87,12410,4871,0
564355032752469,19,87,15811,6996,0
564846090004295,15,82,14171,5721,0
565973367136081,9,89,11384,3477,0
566386025047482,6,91,12003,2337,0
567949961163588,7,94,9722,2858,0
567950080890138,10,80,12362,3805,0
567950188696648,4,91,13989,1544,0
580542163530316,7,94,10263,2748,0
580542166780222,4,99,9513,1522,0
580542168397956,8,82,11973,2979,0
580542254931148,21,98,14904,7801,0
580542321894896,4,78,9060,1815,0
580542324347195,4,95,10189,1535,0
563157780332547,18,95,13184,6571,0
564007964053505,3,81,10520,1444,0
564198784569345,8,70,15839,3183,0
564777284803707,5,80,10307,1867,0
565241795773294,6,86,16261,2442,0
565349215643969,16,91,14730,5848,0
565433587994091,3,93,9924,1277,0
565735607250913,3,80,10074,1432,0
566355385724217,11,88,14588,4313,0
567950040309567,18,100,13828,6654,0
567950126334773,5,89,13289,2084,0
580542246782301,6,73,11749,2350,0
580542301410369,3,90,10507,1383,0
580542316406240,4,92,10906,1634,0
580542328356419,3,78,7824,1245,0
580542423231834,24,90,15829,8969,0
563922869821442,3,84,12004,1325,0
564164160651266,5,63,9052,1935,0
564561399452861,5,98,11443,2096,0
564747794518120,10,89,11347,3749,0
565015142335430,5,92,11835,1976,0
565127014983146,3,89,10887,1423,0
565157811915446,10,86,10751,4009,0
565529811626928,11,91,13417,4169,0
566201697447401,3,77,9817,1385,0
566356518576821,6,97.3,11185,2344,0
567950066975702,5,88,9886,1906,0
567950115798576,7,93,10400,2786,0
567950136152132,11,90,11264,4159,0
567950191806640,17,94,18521,6313,0
580542162658884,5,98,9540,2050,0
580542249142365,4,90,13105,1769,0
580542273369724,9,85,9985,3310,0
580542277506736,6,94,10813,2409,0
580542287252024,5,90,9970,2106,0
563488019386368,12,89,12053,4651,0
563533468209152,5,89,11003,2006,0
563688038268930,24,84,16431,8873,0
565144553132039,6,92,11232,2278,0
565312037916724,16,95,13146,5984,0
565499831256178,15,99,13875,5668,0
565530651207541,10,88,11529,3853,0
566063080474457,4,86,8225,1627,0
567949965349653,6,94,14168,2233,0
567949999966793,9,92,12267,3642,0
567950123011509,5,95,10431,2102,0
567950149614776,6,85,10399,2307,0
580542168208015,8,98,10880,3113,0
580542245170798,4,80,12840,1755,0
580542252043985,6,82,10032,2328,0
580542257181565,5,89,10212,2164,0
580542316025803,9,88,13752,3613,0
563304184291330,7,88,11127,2725,0
563757526093824,9,99,11295,3286,0
563888918831104,14,98,13187,5381,0
564669948898374,10,90,12099,3733,0
580542176385760,12,99,11413,4450,0
580542303359821,4,84,13347,1615,0
580542305850666,9,97,11859,3567,0
563823756185600,11,86,11183,4209,0
564498931847457,7,85,12796,2750,0
564849807992845,6,93,10778,2225,0
565925364958472,3,93,9913,1394,0
566027778658615,6,88,10951,2426,1
567950107160395,9,94,12818,3429,0
567950114527297,7,96,15726,2629,0
580542166853648,4,96,8649,1644,0
580542239040327,9,76,10244,3621,0
580542240833632,9,94,11124,3568,0
580542273691753,8,96,12386,2954,0
580542303355717,4,89,8405,1738,0
564300359008258,5,88,13828,2148,0
565240410277561,8,89,10536,3001,0
565473393445035,5,80,11717,2131,0
565843912694997,4,91,8982,1809,0
566473678521218,9,94,11888,3631,0
567950011191346,8,93,11719,3274,0
567950018644932,5,83,10592,1873,0
567950067634916,5,80,11566,1970,0
567950099406508,16,92,12770,5850,0
567950104046931,4,88,11510,1700,0
567950116967912,6,100,9001,2274,0
567950124280562,10,93,10598,3744,0
567950178458800,9,89,11967,3421,0
580542225451908,12,90,15063,4633,0
565013807110467,4,94,9824,1523,0
565886926721976,4,92,9837,1462,0
567949992102951,18,89,13567,6690,0
567950075709333,6,88,12140,2348,0
567950160129823,9,92,10838,3323,0
580542223193709,5,80,11734,2151,0
580542230184817,8,91,13265,3176,0
580542306538277,6,94,12333,2202,0
563382779580418,4,82,14399,1753,0
563654632144898,19,95,16836,7255,0
564175774031873,9,76,12157,3293,0
564952501457862,11,92,11703,4364,0
565605031945916,11,85,12453,4231,1
566062672909746,9,89,17429,3295,0
566084065436103,12,90,11397,4437,0
566134238479118,6,84,9846,2454,0
566254425015264,7,84,10419,2684,0
567950029904068,8,89,10226,3238,0
567950150582198,4,89,8967,1657,0
567950165375270,4,67,8730,1493,0
580542159859450,9,92,10197,3534,0
580542166481246,4,98,8504,1582,0
580542252745480,7,97,9964,2602,0
580542261472924,11,100,12014,4114,0
580542292503080,15,90,15974,5809,0
563893761605632,7,65,12401,2897,0
564937372402643,21,91,14790,7999,0
565371875033370,16,95,14491,6157,0
565995784047809,10,94,19351,3803,0
566254582442458,6,97,9147,2246,0
566366603641934,15,87,14711,5653,0
566386480649151,11,91,12912,4266,0
567950092054503,3,84,9292,1452,0
567950126015189,14,93,17359,5464,0
567950171550936,14,89,15416,5275,0
567950183493092,8,96,11282,3064,0
580542153360210,7,96,12095,2726,0
580542171927771,3,88,9090,1417,0
580542230842386,4,99,11193,1508,0
580542288526241,8,100,9619,2972,0
580542338909279,7,89,11178,2823,0
563949831135232,7,93,15767,2678,0
565151579182132,7,95,10339,2821,0
565922270815060,10,95,11072,3972,0
566085496218068,10,91,11412,3659,0
580542157754148,13,92,11858,4853,0
580542237812914,8,94,11367,2974,1
580542255653142,5,88,10788,1965,1
580542284688052,5,92,9635,1977,0
564113298956289,10,80.9,13240,3806,0
564595422925020,6,76,12612,2442,0
565299075951734,4,90,9845,1507,0
566219463661052,9,86,15936,3449,0
567950028105585,14,80,11964,5137,0
567950052546835,10,81,12615,3953,0
567950167778622,9,98,11463,3510,0
567950178286287,4,95,8693,1732,0
580542149835525,4,100,8282,1597,0
580542162193212,6,97,9366,2230,0
580542172533493,8,100,11670,2929,0
580542273345415,7,85,11822,2580,0
580542312475717,5,99,10638,2123,0
563155885162499,17,94,14141,6542,0
563455144960000,8,68,12803,3154,0
563526702014464,6,83,12745,2525,0
564941584075047,5,87,10911,1902,0
565378074806891,7,85,10699,2564,0
565661884287991,5,90,9469,1960,0
566049617877033,4,93,8798,1780,0
567949990648166,5,86,14199,1929,0
567950065496958,8,80,11120,3044,0
567950120419418,6,98,9030,2284,0
580542142368004,3,92,10411,1454,0
580542223306270,4,88,12663,1500,0
580542226777007,7,82,11647,2918,0
580542234082296,7,93,17250,2656,0
580542239449844,15,92,13227,5644,0
580542249690602,7,99,10870,2665,0
580542269859872,9,92,14309,3441,0
580542279540351,8,79,10551,3146,0
580542301139978,17,87,13221,6488,0
563575358427136,13,83,19627,4912,0
564079814451200,5,99,10952,2121,0
564431500290211,22,94,15323,8294,0
565371551690374,7,90,17098,2840,0
565398279300081,4,96,11210,1745,0
565953869251644,9,94,12776,3442,0
565999399215316,6,83,9941,2346,0
566181730454600,6,98,12171,2537,0
566289489338324,19,97,15797,7204,0
580542236654233,3,89,9358,1426,0
580542238004989,4,77,8886,1646,0
580542239427783,4,91,9509,1510,0
580542286015401,8,94,11918,3189,0
580542306121377,3,94,12634,1378,0
580542309450713,8,92,11095,3058,0
565234210046117,3,89,16127,1200,0
565630895072908,12,80,12434,4677,0
565755341842143,11,97,13408,4078,0
565755588581646,6,85,11385,2250,0
565967331001214,10,83,10836,3658,0
566278789076267,8,81,14770,3233,0
567949998292898,9,100,11931,3286,0
567950057585799,29,87,18215,10747,0
567950075187308,4,100,9253,1738,0
567950148194956,6,89,9033,2326,0
580542308489770,7,87,14149,2670,0
563757745774596,20,100,16712,7555,0
563858609934336,17,93,13101,6488,0
564112584019969,10,95,10559,3821,0
564357186724868,17,75,18133,6543,0
565319559027198,20,93,14273,7514,0
565394203614522,8,88,15735,3216,0
565526621194118,4,88,9355,1648,0
565903082522386,3,79,14510,1431,0
566372379536309,19,99,15602,7065,0
566418594202130,11,84,18114,4140,0
567950073224709,28,89,16977,10270,0
567950084945533,18,89,14786,6914,0
567950127288295,6,97,11718,2333,0
567950173697072,4,99,8862,1678,0
567950181234417,9,62,15987,3372,0
580542158810063,5,93,11991,1923,0
580542260165604,11,96,12678,4177,0
580542290593383,3,95,8724,1410,0
564348556807843,-1,99,10470,-1,0
564560336527864,4,91,12419,1571,0
564589394859067,6,89,18213,2531,0
564727184888061,9,69,13574,3364,0
564821788332903,9,91,11565,3453,0
564838811703579,6,88,11320,2498,0
564936671506074,4,97,11763,1635,0
565378609911063,4,86,11540,1629,0
565897220657742,8,94,13957,3127,0
566006095611701,7,84,11126,2708,0
566072325118211,7,84,10555,2713,0
566368023610511,8,52,13143,3280,0
567950003721702,15,88,12258,5543,0
567950033050614,6,97,13511,2484,0
567950105212738,5,90,9406,2168,0
580542147728786,19,89,14541,7289,0
580542160421502,18,100,13410,6759,0
580542315159992,15,80,13791,5569,0
580542336233594,4,84,10926,1571,0
563711633068032,14,97,12130,5430,0
563824704225280,6,97,11293,2294,0
565631504614465,4,90,11944,1624,0
567950085749411,7,87,10841,2656,0
567950132927109,10,92,11373,3916,0
580542230838839,12,100,13325,4696,0
580542264512467,6,93,9112,2344,0
580542296487355,3,97,11701,1392,0
564590280647285,11,90,11757,4279,0
565077275908033,7,88,10732,2608,1
565638972116192,4,87,10885,1538,0
566233732417240,4,92,11765,1651,0
580542173309592,7,91,11418,2615,0
580542235531166,4,88,8238,1482,0
580542261387944,6,92,11839,2307,0
563677397917696,18,83,13218,6676,0
564940447486224,10,81,12722,3763,0
565988001909232,7,89,12748,2788,0
566373965110044,7,93,9365,2684,0
567949998209279,15,89,12965,5512,0
567950041596845,5,86,8634,1829,0
567950103025001,4,94,8468,1507,0
567950110825193,3,99,8039,1363,0
567950124658143,9,94,14471,3464,0
580542192628435,10,95,13916,3930,0
580542264436657,4,82,10941,1489,0
580542275381313,11,96,10819,4076,0
580542316686508,23,95,17189,8732,0
580542324538079,5,88,9651,1956,0
564029256040449,16,80,13214,6177,0
564101712711680,-1,93,9592,-1,0
564124785577985,8,84,14519,2994,0
564682777632489,12,87,13549,4686,0
565298600353356,8,43,11738,3146,0
565331864125792,22,88,14922,8091,0
565412294494933,5,38,8722,2023,0
565585984755539,12,85,11378,4429,0
567949984088174,8,65,12380,3258,0
567950073021584,6,91,10164,2491,0
567950198465744,4,97,8739,1529,0
580542144802740,7,82,10522,2651,0
580542148998632,12,95,11469,4696,0
580542268836926,3,90,12861,1437,0
580542274227088,8,98,9836,3175,0
580542282058772,5,94,10470,1945,0
580542289147840,7,81,11940,2603,0
563450826981377,19,93.4,14729,7069,0
563622654320641,7,87,13903,2889,0
564494751696670,5,86,11115,2123,0
565060248213176,5,81,10465,1930,0
565104816233718,3,92,13243,1354,0
565478235900929,8,97,11477,3236,0
565535289379971,5,79,13145,1951,0
565722443361378,4,73,10389,1788,0
565834199076410,5,99,10240,1960,0
567949992274773,10,82.25,11176,3691,0
567950104552793,16,80,13427,6024,0
567950195393633,3,81,9421,1343,0
580542262848729,5,78,8856,1937,0
580542265061857,5,91,13946,1894,0
580542267001977,6,90,12345,2225,0
580542287395056,7,89,10578,2805,0
580542298483977,13,97,14856,4889,0
580542300063819,22,100,15355,8266,0
565383525314114,5,88,10388,1861,0
566092263593743,5,93,10744,1860,0
566420063593465,8,82,11354,3153,0
567950073946380,10,83,13150,3756,0
567950141766602,9,85,11401,3392,0
580542146928698,6,95,10890,2300,0
580542265926960,3,100,14429,1370,0
563575089078272,5,81,10946,2169,0
564766042491873,7,81,10144,2672,0
564776011892350,10,97,12492,3870,0
564907011474468,3,89,12335,1350,0
564911840369854,5,93,11830,2012,0
565275406375740,11,87,11443,4126,0
565417988009039,5,94,10787,2182,0
565552234432324,5,91,11957,2047,0
565599384241695,8,79,11152,3232,0
566012084100203,5,87,10416,1979,0
567950137996005,21,80,15454,7748,0
580542187730977,9,100,13368,3642,0
580542235723727,15,84,14286,5611,0
564283479302144,5,85,10957,1879,0
564596387746917,9,94,11728,3512,0
565345230199625,12,92,14090,4462,0
565461318370124,11,77,11099,4351,0
566278871718639,8,88.55,9965,2973,0
566436494323415,4,92,9205,1597,0
567950044868776,4,100,11144,1641,0
567950195789173,6,81,9562,2405,0
580542238974400,5,96,13092,1978,0
580542246451192,5,86,9934,1931,0
580542303708156,4,83,10027,1677,0
563471579619328,8,88,13178,3268,0
564792734919963,5,85,13556,2106,0
565728053303453,13,89,14398,4895,0
565803365572777,3,87,10764,1420,0
566284133601455,8,100,10247,2988,0
567950182608433,5,83,9092,1967,0
580542268693220,5,94,9407,1832,0
563539532840961,9,80,11938,3608,0
563980707827712,8,99,10703,3197,0
565422113367437,9,79,10968,3393,0
566397055347918,9,85,11257,3323,0
566440579498436,7,87,10297,2610,0
566460704883157,5,96,10728,2152,0
567950013423802,17,81,18283,6365,0
567950030176366,6,90,10133,2525,0
567950034401736,6,89,14048,2553,0
580542263838705,5,84,9390,1854,0
580542264316170,10,91,15430,3663,0
580542292375740,13,84,12585,4894,0
580542309307932,6,86,11592,2201,0
580542325247650,4,96,8484,1607,0
563601387102208,6,93,11843,2428,0
563837262434309,7,84,11407,2631,0
563968620167168,4,83,12348,1819,0
564073747587072,8,87,10999,3006,0
565083933055215,7,94,12124,2778,0
565134819928865,5,85,9140,1848,0
565943538952315,11,91,11734,4016,0
567950176326915,3,89,11015,1432,0
580542173182970,4,97,12701,1479,0
580542188520195,8,87,11843,2967,0
580542259710327,6,89,11130,2274,0
580542298194188,4,87,9531,1616,0
580542348768663,7,88,10816,2636,0
564282522730496,8,98,10725,3141,0
564588219928352,11,95,10905,4034,0
565450434684954,13,92,11467,4847,0
565859415036735,6,95,13142,2349,0
565899119170330,13,77,11758,4974,0
567950034332642,7,91,10635,2792,0
567950121856813,3,91,10209,1454,0
580542169187162,5,88,13410,2035,0
580542216820920,5,89,11616,1835,0
580542260700648,3,98,8840,1441,0
563560234291201,15,86.6,16019,5732,0
566429819077777,5,87,10702,2007,0
567950065978305,5,77,10523,1972,0
580542236896173,22,97,15833,8353,0
580542259701647,10,95,11873,3708,0
580542318129375,6,78,15424,2225,0
580542327283839,4,86,15039,1616,0
580542338491035,3,93,9979,1410,0
564280741859329,11,90,15025,4302,0
566505427117345,18,98,14211,6893,0
567950155074782,9,96,11266,3510,0
567950160073454,15,98,15427,5617,0
567950197980762,5,74,9151,1880,0
580542163630992,15,76,12504,5616,0
580542199647538,11,92,16210,4287,0
580542234586024,14,89,11987,5148,0
580542301300976,18,94,13929,6883,0
580542321309159,6,90,9207,2312,0
580542321502552,7,97,12963,2602,0
563473752199168,7,87,17317,2708,0
563565095165954,19,90,14560,6960,0
565168407977631,5,91,12269,2171,0
565417461620243,4,87,9621,1791,0
565778049672815,6,92,9782,2225,0
566367571153191,9,98,12765,3643,0
567949980772902,4,92,9243,1495,0
567950057438673,8,95,13571,3208,0
567950156792619,6,81,9963,2306,0
580542147725883,6,96,9884,2383,0
580542223659789,7,92,9644,2763,0
580542244016589,10,83,11635,3698,0
580542280865783,14,89,15947,5157,0
580542282670281,5,81,11548,2159,0
580542328679565,15,80,13874,5525,0
564067531689984,11,87,11000,4344,0
564682500408383,5,97,10114,2127,0
564948119196209,12,93,12508,4503,0
565139011276613,9,90,10979,3463,0
565468060656908,6,84,9492,2553,0
565875190209215,5,91,10483,2054,0
566125816578109,5,95,12382,2186,0
566497276404177,6,97,11701,2337,0
567949988227796,6,80,9746,2315,0
567950027942404,3,89,10892,1376,0
580542140045462,11,92,11532,4176,0
580542240641200,7,100,10285,2861,0
580542269515276,4,88,8816,1497,0
580542291306760,4,97,8733,1500,0
580542300354040,4,79,8908,1671,0
563550230286336,17,81,14060,6351,0
563565267001344,11,84,11094,4363,0
563707455610881,8,90,10706,3062,0
563950406799360,7,96,10676,2861,0
565371121112792,4,93,10640,1649,0
565399728949650,10,80,12462,3904,0
566356486981326,10,94,13745,3728,0
567949996163091,13,87,14617,5066,0
567950010406992,5,98,15056,2050,0
567950016463453,6,94,10470,2431,0
567950021669359,5,92,9019,2091,0
580542147077460,5,92,12966,1882,0
580542153998761,14,84,13998,5193,0
580542173094705,7,85,10730,2854,0
580542233457843,9,78,11607,3310,0
580542294585425,3,89,10169,1344,0
580542431898006,1,97,8528,663,0
563249679958017,4,94,11711,1738,0
564866087520098,11,93.75,11671,4265,0
564879793268711,4,100,13018,1671,0
565071161205951,4,82,11827,1524,0
565362682889943,9,94,11026,3407,0
566149819672099,11,79,14039,4125,0
567949964284868,24,92,15688,8763,0
567950067116216,7,87,14559,2820,0
567950077677742,8,85,13384,3078,0
580542167417922,4,100,11732,1816,0
563393608617984,11,90,12586,4256,0
564125219561472,25,89,18604,9229,0
565107284249259,6,94,9882,2251,0
565657641292449,4,96,11483,1817,0
567949959602806,16,87,14614,6008,0
567950123998207,8,94,11219,3216,0
580542166947861,6,81,11166,2548,0
580542167980431,6,92,12787,2530,0
580542234980490,9,92,12530,3454,0
580542252304867,16,90,14535,6103,0
580542262769426,8,92,11665,3078,0
580542277678641,3,78,11439,1406,0
580542289889417,5,88,9794,1922,0
580542291812079,12,96,11406,4471,0
563449191989248,16,87,13656,6179,0
563996921831425,4,96,10764,1803,0
565885612075010,18,81,15684,6718,0
580542156961252,8,80,12072,3058,0
580542167294793,7,84.2,16350,2852,0
580542223456820,5,80,14881,2166,0
580542234904710,19,97,14427,7269,0
580542267812730,3,80,8601,1439,0
563684821901314,4,92,14091,1806,0
564493954844944,14,92,12468,5168,0
565310765863244,4,91,10315,1809,0
565552478621188,9,89,14418,3358,0
566470739297734,6,86,9981,2411,0
567950045008195,10,89,12429,3826,0
567950127795931,6,94,10332,2333,0
567950134979472,3,87,10443,1452,0
567950193014917,9,91,11738,3639,0
580542170098395,7,76,16825,2859,0
580542238382769,14,98,12421,5274,0
580542250003141,10,94,10774,3778,0
580542304607061,14,98,12406,5337,0
580542307115845,5,94,10400,2057,0
563900321964033,12,87,12606,4729,0
564708372917890,3,88,9638,1221,0
565036985490743,3,92,12121,1251,0
566084423724887,9,73,11419,3534,0
566289261538705,6,91,11075,2411,0
567950052698646,9,91,10101,3350,0
567950089783206,3,86,12997,1272,0
567950119722390,13,94,15762,5036,0
580542178278387,5,85,10027,1969,0
580542260867598,12,85,14700,4380,0
580542262582666,10,87,16968,3993,0
580542277856101,21,80,15676,7902,0
580542288319696,4,84,8428,1524,0
580542291817968,6,82,10882,2327,0
580542308427710,7,98,10518,2679,0
563251676979201,22,69,16967,8326,0
564707927463471,17,99,13003,6330,0
565198678135314,12,94,14830,4469,0
565861001601104,3,84,11371,1200,0
565892394528338,6,89,9001,2204,0
566046114129505,6,98,9920,2502,0
566130916525111,19,100,18628,7249,0
566344831471084,20,80,16758,7416,0
566426291145224,7,80,9497,2728,0
567950112784520,15,89,12396,5515,0
580542253261865,7,80,10998,2845,0
580542253267681,6,94,12715,2217,0
580542261909391,3,82,12938,1416,0
580542262625871,10,90,10539,3853,0
563666316038144,6,93,12427,2453,0
563680379076608,-1,84.45,11399,-1,0
563852546088960,5,93,13374,2115,0
564891970638848,7,74,12848,2643,0
565122751011659,7,91,9666,2844,0
565291400241777,7,89,13610,2617,0
565293805476353,7,91,10489,2701,0
566137527282698,6,81,11236,2335,0
567949981832394,12,89,11664,4421,0
567949985259706,12,98,17788,4433,0
567949987284118,8,95,10509,3189,0
567949994274078,9,87,11536,3394,0
567950001675962,7,90,10515,2894,0
567950061889833,12,96,13779,4555,0
567950099242886,10,80,11641,3824,0
567950110629074,6,78,9122,2272,0
567950163109600,21,78,14874,8014,0
580542151033130,13,90,19747,5037,0
580542162206534,7,89,12094,2749,0
580542170052086,16,85,12903,5934,0
580542178577932,6,77.5,12511,2301,0
580542254907236,16,90,12365,6152,0
580542264836664,9,100,10340,3320,0
580542296152410,8,88,12439,2928,0
580542339859081,3,87,10709,1423,0
563558975213570,14,89,15699,5436,0
563566447693825,8,91,10798,3196,0
564830682162384,4,99,11694,1787,0
565661036317018,15,93,13889,5785,0
566055845629140,10,97,10540,3672,0
566236974486976,7,88,12362,2701,0
566476664676692,4,39,9871,1760,0
567950033841951,12,98,11260,4542,0
567950084693945,6,88,10093,2216,0
567950088312147,5,63,13545,1951,0
580542145101437,10,85,10623,3721,0
580542243988361,10,94,10733,3938,0
580542286675651,16,88,13210,5920,0
580542294446169,6,78,14790,2358,0
565070674661227,3,71,11494,1369,0
565152384616512,11,80,10821,4119,0
565706746570231,9,92,12052,3330,0
567950188779308,7,80,10207,2810,0
580542231776010,14,98,12424,5279,0
580542283282442,7,94,14871,2915,0
580542291747066,9,87,10775,3323,0
563567333089281,7,100,12836,2809,0
563802042867713,9,87,10451,3352,0
563916691218432,4,95,9464,1755,0
564108289310720,18,83,18660,6851,0
564113932091392,4,84.8,11237,1664,0
564826455285759,6,88,12519,2428,0
565024928899724,6,77,14869,2360,0
565095711317432,17,91,12948,6281,0
565268368859982,5,95,16134,1979,0
565271150276553,8,88,10782,2973,0
565378319844230,7,80,9844,2607,0
567950089254131,6,90,10790,2307,0
567950099548421,7,100,11002,2642,0
567950126118373,5,89,9467,1925,0
567950161566021,16,99,13387,5974,0
563056044220420,16,90,12981,6123,0
563778405601280,7,83,9641,2615,0
564657666068509,12,82,11634,4586,0
565188635197574,5,86,12789,1969,0
565468301633496,5,86,11156,2140,0
565689278729397,12,75,13464,4463,0
566074791102739,6,95,11376,2248,0
566113719159160,19,74,18600,7265,0
567950123786962,4,87,8826,1709,0
580542149930326,8,92,11675,3016,0
580542305992290,6,80,9509,2519,0
580542307067950,10,88,12641,3742,0
580542308418104,7,92,11679,2870,0
563543517437953,4,93,13030,1655,0
563575071318016,8,92,10633,2971,0
563763729465344,4,94,9780,1609,0
564357406332504,10,95,16851,3748,0
564642314069527,7,87,11638,2917,0
564732652750038,5,92,11175,2072,0
565887832893661,6,80,11636,2552,0
567950077472751,18,88,16282,6851,0
567950104708285,26,89,17546,9632,0
580542156052089,7,89,10963,2659,0
580542255944724,5,81,10282,1910,0
580542261419041,3,93,10057,1447,0
580542281379545,13,99,11705,5022,0
580542319927999,21,100,15551,7704,0
563666745761792,5,97,11963,1850,0
564031346909185,12,89,12532,4470,0
564866887192446,5,88,9424,2146,0
565204108120094,11,99,11322,4255,0
565683005892240,8,94,12490,3260,0
566527764533083,7,82,10981,2908,0
567949955632536,7,80,10665,2718,0
567949956970430,12,88,11566,4688,0
567950059254546,4,92,11884,1607,0
567950085193678,5,92,9502,2097,0
580542143789655,6,95,9360,2278,0
580542166793308,10,97,13595,3695,0
580542244911289,3,93,11255,1413,0
580542256032880,12,96,11366,4636,0
580542260254512,3,85,10485,1403,0
580542296468638,7,99,11020,2821,0
580542312609118,19,80,14178,7017,0
563360710139905,21,93.5,15083,8020,0
563538573328384,4,89,16050,1467,0
563989488668675,4,77,10475,1788,0
564931166474090,6,90,10852,2315,0
565058491777681,4,80,10351,1801,0
565370421447652,6,43,9055,2255,0
565554577089241,11,96,12017,4331,0
565987996214043,6,100,11842,2427,0
567950096602561,4,90,9080,1699,0
567950150634979,12,97,12909,4633,0
567950161960611,7,78,12094,2579,0
580542241131119,8,85,15164,3161,0
580542314668359,3,94,12410,1361,0
580542319791403,5,100,9779,1969,0
580542325072467,27,96,17873,10209,0
564172605423616,16,94,13074,5864,1
564360088397554,14,82,15042,5321,0
564556823534041,23,89,17954,8721,0
564780774926070,17,85,13263,6413,0
565382391862024,7,94,10518,2798,0
565404556072207,9,98,11408,3588,0
565449533558569,8,91,17872,3181,0
567949970997178,7,88,9597,2714,0
567950079729832,4,66,9865,1703,0
567950090472546,8,89,16631,3048,0
580542157752182,6,89,12391,2554,0
580542226057259,8,92,9819,3059,0
580542247726007,8,94,11246,3215,0
580542250545812,6,87,9866,2302,0
580542277136626,11,96,11182,4020,0
580542306965912,3,95,13749,1429,0
563505422213121,6,93,10700,2224,0
563538007429121,10,90,10587,3691,0
563803992162307,6,90,13376,2397,0
563966259568642,14,92,11947,5276,0
564733607814482,3,93,12806,1406,0
565089199067999,8,80,11699,2959,0
565098903179845,6,90,12925,2307,0
565136378828918,9,89,12508,3565,0
565169882399214,4,90,12709,1713,0
565310140981914,8,95,11673,2979,0
565877980992928,7,80,10565,2642,0
565909606302234,4,98,12955,1516,0
566470091347583,5,91,16106,1934,0
567950171180875,4,81,9262,1670,0
580542161869591,5,95,12789,1829,0
580542278655789,3,91,12629,1343,0
580542317271175,11,96,11939,4049,0
580542341428561,7,98,10970,2636,0
563804253855748,14,90,12940,5290,0
563869477445632,4,76,12055,1668,0
564136802525184,13,95,14351,4769,0
564311944467538,16,87,14394,6186,0
564324146882462,5,92,15512,2166,0
564911911344508,8,95,13499,2953,0
565044571079977,14,95,13942,5157,0
565068309594340,6,98,12278,2505,0
565569678084121,9,90,16448,3587,0
565936157954463,6,89,12760,2243,0
566340960268285,7,80,10061,2608,0
567950089430966,3,87,9730,1374,0
567950105884151,7,93,11647,2769,0
567950153255546,16,83,13881,6129,0
580542142009234,11,89,11009,4169,0
580542154275812,5,98,14810,1893,0
580542296296648,6,84,13129,2292,0
580542300600046,9,94,13198,3646,0
563552104292353,6,73,11521,2314,0
563955580080133,6,100,10607,2288,0
564063726673920,10,77,11027,3993,0
564812941368704,10,89,13723,3980,0
565530123767900,3,90,9782,1439,0
566058545780520,6,75,10148,2405,0
566097825705752,4,85,11007,1574,0
567950039364777,9,99,10584,3285,0
567950178580431,8,93,11581,2964,0
567950193772845,8,92,10628,3238,0
580542142563353,5,90,9528,1867,0
580542164740338,8,78,10583,2960,0
580542265150175,5,91,12028,1935,0
580542292072111,9,89,12159,3561,0
580542300715603,4,86,8811,1544,0
563510729187328,9,91,10622,3540,0
563675204689920,17,73,14977,6232,0
563911924908033,9,87,11641,3331,0
564042290823170,15,97,12193,5575,0
564198111510528,5,96,9465,2082,0
564392277704941,7,85,12339,2559,0
565002078984715,4,96,10146,1621,0
565103758943897,7,85,11133,2799,0
565138180614033,5,81,10001,1886,0
565189428587839,9,86,11550,3412,0
566176691071907,5,82,10021,2143,0
566357073992513,11,88,15174,4331,0
566420875189874,5,93,9206,2146,0
567950050640478,6,80,10819,2235,0
567950117599313,12,89,12201,4714,0
567950137956062,10,96,10419,3814,0
580542227016044,13,91,13695,5010,0
580542297259620,10,95,10992,3811,0
563621821747203,6,91,10779,2302,0
563622307434497,12,88,12462,4388,0
565750755361171,7,92,13521,2715,0
565876404788157,12,80,14676,4538,0
565938790669978,9,83,11705,3581,0
566078008857100,9,95,11391,3406,0
566176039316666,15,90,13206,5778,0
566185706727294,6,89,12510,2370,0
566289657766432,8,80,14834,3026,0
567949962117361,8,66,16605,3233,0
567949982945982,5,80,8704,2068,0
567949996085079,7,79,10249,2902,0
567950002855475,6,90,12856,2540,0
580542157090925,3,80,10302,1321,0
580542164615239,4,97,11301,1543,0
580542173297851,10,80,13260,3884,1
580542250459201,4,85,10852,1728,0
563254883389440,6,84,10250,2294,0
563800827695104,6,90,9156,2257,0
564515635333164,4,81,16002,1573,0
565106128063716,5,71,11067,1860,0
565654725068063,11,89,12754,4160,0
565998437993005,16,82,14696,6179,0
566254897667549,6,87,13317,2530,0
567950014993864,11,80,11448,4378,0
580542183036596,3,90,9172,1369,0
580542253350190,7,89,12757,2567,0
580542282419869,11,95,12363,4083,0
580542301475080,4,100,8294,1509,0
580542330155016,13,98,17289,5084,0
563208307474433,10,87,10788,3980,0
564380514261355,19,92,16109,7249,0
566009188254439,10,90,14231,3985,0
567949985807325,15,86,12430,5780,0
580542156447771,5,92,9118,1889,0
580542180420463,14,97,12486,5434,0
580542187440553,6,93,10358,2377,0
580542248918859,4,82,9472,1703,0
580542302717365,7,91,11137,2643,0
580542306085939,6,89,9882,2348,0
580542311169497,9,74,13617,3390,0
580542340477061,3,80,8820,1425,0
564149767643137,7,81,10843,2685,0
565311022112241,6,99,12519,2424,0
565316277378036,7,86,10721,2777,0
566213854371375,7,94,11031,2825,0
566407153527496,8,80,18191,3152,0
580542212735358,3,90,8587,1433,0
580542222792446,4,89,10115,1574,0
580542248564364,5,70,14058,1949,0
580542274844508,4,85,8447,1580,0
580542293583542,7,94,9879,2909,0
580542450067183,4,92,10404,1573,0
564651850733659,18,79,16055,6898,0
564709097745532,13,90,16591,4828,0
565315170347135,9,95,10444,3356,0
566363576734681,11,92,11999,4367,0
567950025467911,5,93,10461,2138,0
567950058798713,12,89,15995,4533,0
567950197943863,8,67,12620,2999,0
580542144615991,3,83,8604,1452,0
580542157703902,4,90,18109,1762,0
580542240808613,20,96,14760,7479,0
580542267946897,8,80,13325,3237,0
580542280094989,4,77,10175,1482,0
580542290003429,7,99,11972,2883,0
580542314342611,12,80,14984,4510,0
563535411875840,8,90,11342,3281,0
563594582036480,14,87,16695,5146,1
563774934421504,16,86,19340,6045,0
563967073320960,13,100,11395,4751,0
563999831433218,13,74,11927,4791,0
564577956863617,23,93,15476,8537,0
565253384245600,5,91,9623,2141,0
565973385752497,5,94,13785,1956,0
567950145694244,11,82,12133,4113,0
580542172077149,6,91,9443,2223,0
580542239788558,8,88,11095,3194,0
563215448739840,5,89,16764,2028,0
563525211398144,4,85,11308,1518,0
563736281878528,5,90,11738,2175,0
564017549082625,17,99,16163,6509,0
564505644245991,7,99,16170,2746,0
567949963871581,12,92,18907,4492,0
567950000014675,7,89,9825,2841,0
567950095653217,4,96,9495,1636,0
567950129258117,11,98,11613,4300,0
567950171176919,4,80,8501,1509,0
567950195649279,9,89,11239,3559,0
580542150989445,10,88,10471,3723,0
580542168993981,8,93,12530,2956,0
580542185124487,4,87,8381,1515,0
580542223874465,7,78,10890,2628,0
580542226086133,8,82,13216,2922,0
563566499921921,13,93,12455,4892,0
563785008545794,6,46,12708,2220,0
563815897694209,4,81,11766,1734,0
564152620351488,8,94,15654,3001,0
564340159680807,6,59,9912,2249,0
564378914857688,19,98,14206,7045,0
564634857707284,4,85,14348,1768,0
565609345719067,8,76,12728,3259,0
565772712938723,3,69,8969,1404,0
565965562186094,14,92,12385,5290,0
566038514242905,10,85,10980,3812,0
580542243030650,6,89,9144,2293,0
580542256338098,8,84,11713,2993,0
580542276021798,5,88,10263,1931,0
580542303855854,3,81,9805,1375,0
580542307872284,5,95,8706,1829,0
580542314657256,6,99,16724,2428,0
565070819036906,4,98,13586,1608,0
565137016750263,18,84,18891,6807,0
565699142622567,30,98,20554,11247,0
567949969986215,4,100,11447,1609,0
580542162155093,6,86,13574,2455,0
580542219077873,7,94,10714,2749,0
580542256499702,6,91,10601,2354,0
580542328535785,14,86,11861,5275,0
563543110979585,10,87,11594,3863,0
564098403278849,5,85,9405,1948,0
564285489676290,8,92,11111,2943,0
565071337360819,6,81,12896,2349,0
565137083860349,6,92,9965,2194,0
565211930630558,3,84,12275,1452,0
565296761482876,4,59,14496,1639,0
566346756068014,14,89,13633,5317,0
567950145540536,4,95,12810,1738,0
567950189301210,6,97,11465,2328,0
580542222436464,7,100,11808,2767,0
580542289278804,8,68,9819,2988,0
563633952071680,3,85,8007,1367,0
563865664364544,9,73,10747,3338,0
564284013481985,11,92.3,11089,4157,0
564475255914640,8,95,15318,3062,0
564879825509925,8,89,13610,3219,0
565242524077378,14,91,14141,5142,0
565262164364427,3,89,13922,1265,0
565338591334083,4,97,12486,1460,0
565531091021291,19,74,18092,7163,0
566191328399475,19,98,17591,7202,0
567950038250765,4,96,8410,1469,0
580542148429501,6,88,10764,2385,0
580542237224803,7,100,10001,2887,0
580542292433843,6,79,9082,2253,0
580542322105944,14,100,16419,5430,0
563458213154816,7,83,12937,2841,0
563997429858304,13,68,11682,4800,0
564231805407232,13,88,18753,5030,0
564512109110309,5,89,10749,1978,0
565401016598852,7,80,10763,2896,0
565932384589101,5,88,11791,1977,0
566109087411457,9,85,16007,3455,0
567949961083242,7,88,16951,2794,0
567949995646792,8,99,10140,3014,0
567950105042968,4,95,9087,1755,0
580542253311666,9,100,11523,3511,0
580542253465380,21,86,16827,7837,0
580542270534960,3,88,8217,1431,0
580542304107848,9,81,11269,3559,0
580542309107900,3,90,10362,1322,0
563640734191617,6,65,13803,2257,0
563745094696960,7,89,11394,2652,0
564246052151298,6,94,11108,2363,0
564341430949226,4,86,11731,1535,0
565296573849177,6,88,10431,2418,0
565977750777485,6,99,14255,2455,0
566105901179226,18,95,14277,6758,0
566152008503088,14,80,14584,5330,0
567950155586324,6,94,9533,2392,0
580542150600603,8,99,11382,3070,0
580542154245189,23,99,18127,8474,0
580542167223487,5,81,11151,2185,0
580542257539279,14,92,14440,5264,0
580542301825741,3,97,15270,1452,0
580542304314593,3,91,8712,1374,0
580542325972541,4,93,10241,1760,0
564199974834177,3,97,12615,1411,0
565343551885625,8,100,10395,3062,0
565654647477759,5,83,15634,2125,0
566018777162534,7,88,10559,2648,0
566413216721222,5,84,10956,2145,0
567950060383131,16,90,12895,5970,0
567950149286356,12,76,17860,4562,0
567950167342282,5,88,10437,1961,0
580542223451682,5,93,9671,2041,0
580542274942855,8,82,11736,3163,0
563281510866944,15,89,17427,5644,0
564149235032064,4,96,8308,1630,0
564557769353401,18,97,16477,6710,0
564795490767410,10,96,13122,3675,0
565231545691939,5,87,11672,2030,0
566128780650011,13,69,12665,5087,0
566164733690139,5,100,11797,2005,0
567950080886935,4,90,13077,1631,0
567950170256081,4,93,13731,1650,0
580542141729039,3,96,9236,1234,0
580542156569023,7,91,10663,2594,0
580542267647203,7,94,11507,2739,0
563870109011972,8,93,9992,3217,0
565033193710711,13,87,17183,4830,0
565358778460402,6,95,12802,2347,0
565388715896811,13,95,17275,4770,0
565932178287698,10,43,12654,3925,0
566505236338297,3,87,15751,1391,0
567950034603570,6,90,18351,2382,0
567950090416970,5,91,9427,1901,0
567950119739296,4,100,11874,1798,0
580542143863668,6,90,9383,2244,0
580542264082732,6,95,10123,2215,0
580542312628396,15,73,12562,5722,0
580542314684634,13,90,12351,5109,0
580542316786280,22,87,15582,8374,0
563404457967616,4,72,10332,1493,0
564013939032064,10,63,11501,3870,0
564208993378307,4,72,10238,1538,0
564226929004544,13,99,13140,4924,0
564426524855044,4,94,8456,1467,0
564529948534244,5,88,13254,1881,0
565032754683417,7,87,11026,2679,0
565392936087163,12,87,18025,4496,0
565807241241089,5,95,9592,1836,0
567950161356279,12,85,12152,4406,0
567950172826573,7,85,10758,2826,0
580542172535213,4,89,9233,1647,0
580542173542431,20,80,15408,7594,0
580542250569537,11,97,10988,4030,0
580542293097643,8,92,14667,3184,0
564562335637075,10,89,12827,3994,0
566267787548002,15,89,13239,5803,0
566494139851091,5,93,10058,2057,0
567950066764661,3,90,13741,1409,0
567950078180042,8,81,10862,3055,0
567950098487548,7,88,14110,2703,0
567950188636708,13,96,16460,4748,0
580542226884868,4,91,8383,1651,0
580542240546570,9,100,16695,3516,0
580542301691148,10,97,13294,4014,0
563558063874049,7,85,14323,2865,0
563734897426433,22,90,16136,8349,0
565067410902672,6,89,11680,2269,0
565444104950217,6,100,9954,2386,0
565552271395144,14,98,12009,5234,0
565780615991063,12,97,11696,4643,0
567950058472675,14,89,16379,5448,0
567950119702383,6,95,12303,2341,0
567950129332227,23,95,15296,8412,0
567950137517019,8,90,10211,3160,0
567950152984042,10,94,14545,3960,0
580542167202075,8,90,12334,3133,0
580542248670427,3,90,10357,1392,0
580542278510347,10,100,13583,3806,0
580542291302013,14,89,12394,5424,0
580542292140073,5,80,11400,1837,0
580542328244613,5,87,10348,2186,0
563531701428225,5,91,12264,2036,0
564823063930157,3,79,9980,1447,0
565088338842469,14,89,15689,5357,0
565185752998831,12,94,11526,4618,0
565223047503030,7,89,11438,2677,0
565668008242716,6,91,11365,2209,0
565918528315057,18,95,14914,6610,0
566241525241266,7,91,12886,2586,0
567950145319934,14,90.85,15400,5466,0
567950164977736,15,84,15999,5581,0
580542178867004,4,89,8920,1690,0
580542251732137,10,99,11833,3964,0
580542314850820,5,90,11247,2039,0
580542352971438,8,80,12998,3105,0
580542393772847,3,99,10609,1292,0
563082788671489,7,89,12037,2881,0
563813422473218,13,87,15732,4855,0
565027926184964,14,94,12786,5325,0
565044499122325,10,98,10722,3992,0
565140109404714,9,85,10128,3298,0
565146100181858,11,80,10717,4052,0
567950105516489,3,86,11510,1350,0
567950132748353,10,90,11615,3680,0
567950163806285,9,80,12656,3293,0
567950167144068,4,87,10785,1736,0
580542167235371,11,94,11804,4268,0
580542240669485,7,89,11800,2883,0
580542261812115,3,93,11507,1438,0
580542283888323,3,98,16160,1448,0
580542293021667,4,81,8464,1542,0
580542297670818,4,100,12527,1539,0
580542339749113,3,75,13232,1396,0
565798490548860,6,83,10714,2312,0
565970618625589,5,97,10082,1951,0
566179185891983,11,73,15883,4209,0
567949964896890,7,95,15407,2658,0
567949979824910,12,89,12588,4597,0
567950072214102,10,93,11289,3676,0
567950084091406,7,84,11666,2792,0
567950135220931,12,99,13037,4687,0
567950159159276,8,96,11574,3196,0
580542174675500,4,95,8397,1668,0
580542218017370,12,74,12536,4602,0
580542241621898,4,78,14110,1655,0
580542261704724,6,95,13659,2355,0
580542329850144,5,96,10254,1936,0
580542340231548,10,81,11377,3681,0
563298066833410,23,89,16963,8558,0
563395599212544,15,91,13842,5704,0
565117967865476,7,93,11109,2587,0
567950121584807,4,85,11001,1577,0
567950187181679,6,86,18906,2322,0
567950191002203,15,91,13589,5590,0
580542162050979,19,92,14634,7096,0
580542269149829,3,80,10033,1385,0
580542277339827,5,92,12577,1888,0
580542320108659,4,79,9126,1808,0
580542332239005,4,90,8473,1734,0
563678258069505,12,100,13246,4731,0
564521999534741,-1,81,10597,-1,0
564629303464874,15,96,13754,5711,0
564765571290232,6,91,11773,2474,0
565378045320923,7,90,9922,2706,0
565506207784121,8,87,9799,3142,0
565626414831685,6,91,10476,2396,0
566051687505492,7,87,11492,2645,0
566095122276252,15,88,16573,5835,0
567949960442545,11,91,11627,4190,0
567949961910868,11,89,12683,4170,0
567950192647774,4,80,10929,1770,0
580542150963482,16,92,14598,5849,0
580542173057352,7,89.9,10866,2907,0
580542213434230,4,85,14055,1816,0
580542235527664,12,83,12094,4671,0
580542298457632,10,99,12220,3720,0
563550431154176,4,92,10688,1742,0
563831585513475,21,85,16505,7981,0
564512265217172,4,91,9279,1642,0
565817534061926,4,63,11366,1747,0
565885225280668,4,85,9648,1761,0
567950080275035,8,88,12496,2986,0
567950188321323,10,98,11752,3767,0
580542166399677,7,92,10909,2785,0
580542214200481,25,98,15799,9421,0
580542253290267,11,100,11632,4220,0
580542263549043,6,93,12143,2357,0
580542309286003,6,87,16379,2518,0
580542314387555,7,92,10477,2691,0
580542330498931,3,89,8998,1318,0
563889604464640,10,84,11658,3917,0
564708583157111,14,93,11803,5168,0
564849759102918,8,94,11185,3125,0
565195157209710,15,84,12237,5638,0
565615340552426,3,90,9291,1293,0
566352219803390,7,94,11120,2617,0
567949968442136,6,80,10261,2384,0
567950050891482,18,99,16385,6871,0
567950076465138,12,87,14405,4434,0
567950135762424,9,87,12551,3577,0
567950187268474,11,92,11701,4349,0
580542144538348,4,78,9722,1644,0
580542235133470,4,94,8950,1781,0
580542238790406,3,81,8397,1278,0
580542266716094,6,80,12123,2225,0
580542296228377,3,95,9219,1399,0
580542309448547,7,74,9565,2658,0
580542350037174,7,92,12165,2853,1
563543748452353,16,96,12643,5865,0
564319239406687,9,86,10988,3471,0
564328068488447,16,100,13128,6139,0
565706556113032,5,97,15458,2160,0
567949995256849,7,95,9534,2714,0
567950151733877,8,93,10029,3208,0
567950173738163,11,99,11674,4126,0
580542263857551,4,94,9139,1784,0
580542302085543,4,98,9428,1468,0
580542330461417,1,100,11178,662,0
563498916126720,19,80,16972,7131,0
565466586942533,4,69,13351,1601,0
565581741429184,3,99,12488,1271,0
565756422915543,15,85,12419,5653,0
565925159314974,7,90,10790,2897,0
567950046525472,10,89,12168,3854,0
567950125084834,20,99,14498,7418,0
567950172549384,9,81,11323,3596,0
567950177507708,8,96,12738,3211,0
580542170781604,4,94.6,11542,1559,0
580542250069268,6,87,11032,2404,0
580542285531063,11,94,12086,4320,0
580542288928632,11,90,14210,4224,0
580542289243576,10,92,12242,3684,0
563611298111488,11,92,11542,4111,0
563791527747584,8,97,16311,2931,0
564084444897281,8,95,11384,2974,0
565337580572627,4,97,9227,1592,0
567949968713463,7,98,10915,2764,0
567950099156067,4,79,11035,1693,0
567950189728359,19,94,19790,7148,0
580542142224126,14,90,17082,5182,0
580542247753657,13,88,12315,5095,0
580542263320417,9,100,11454,3527,0
565157198767229,17,85,18356,6247,0
567950017290056,7,90,10287,2847,0
567950075167442,4,92,10799,1620,0
580542149724230,5,97,8949,1986,0
580542284137180,7,96,12438,2861,0
580542286816722,9,87,10210,3525,1
580542298451189,5,89,9875,1909,0
563454533632000,6,91,12853,2353,0
563920211419136,5,93,11998,1917,0
564037611814912,10,78,12210,3722,0
565966829595287,13,94,12229,4826,0
566124529265942,11,91,13751,4092,0
566142983738290,7,91,12161,2701,0
567950012547393,13,91,11526,4896,0
567950146418575,5,80,11573,1826,0
567950159106907,8,94,14943,2932,0
580542167496495,6,90,9821,2278,0
580542236235799,7,95,9423,2701,0
580542266660115,17,91,17201,6307,0
580542274642799,3,87,11575,1409,0
580542279834243,8,94,12636,3013,0
580542291162607,6,100,10937,2468,0
563167874977792,13,54,12505,5010,0
563980778020864,13,87,16112,4906,0
564489712836149,6,89,9977,2232,0
565054948454001,6,90,12334,2221,0
565143990182222,13,99,11760,4981,0
565602420656809,4,87,9331,1713,0
565932185814088,9,93,11460,3586,0
566345048789482,14,83,12066,5133,0
567950003354650,4,96,9881,1487,0
567950023156918,6,85,20184,2501,0
567950060598916,8,99,12069,3163,0
567950065922276,7,95,13280,2580,0
567950144247940,5,90,11191,2132,0
567950144740368,6,89,12455,2529,0
567950166835096,25,65,19389,9333,0
580542249306433,6,90,10437,2225,0
580542262256438,7,94,9696,2614,0
563756756639746,7,86,9400,2637,0
564351813356403,7,82,11443,2655,0
564794771186340,7,89,14253,2795,0
565155300377357,6,80,10264,2202,0
565409770251651,2,88,8683,937,0
565905090939307,10,75,12795,3675,0
566192453588563,5,95,10338,2145,0
567949977710243,9,94,11948,3393,0
567950124614987,8,88,14361,3042,0
580542156907796,3,92,10356,1440,0
580542160666628,3,83,8346,1283,0
580542236728851,5,87,9891,1859,0
580542249543163,8,97,10458,2998,0
580542260900327,6,91,9833,2382,0
580542268695505,14,95,13373,5243,0
580542268965981,7,93,12892,2844,0
580542270497503,3,80,9828,1438,0
580542285174327,7,97,10976,2862,0
580542303914169,6,87,15211,2383,0
563508365565954,9,98,10094,3352,0
563699680088066,15,83,14234,5827,0
563957320720386,7,89,10515,2845,0
564376207762102,9,94,15042,3446,0
565426873244614,6,85,10035,2265,0
565755738467913,13,92,11907,5050,0
565818499409095,14,93,14896,5239,0
566109222219382,4,85,8537,1535,0
567949956114308,8,97,16534,3068,0
567950094052854,5,90,10489,2182,0
580542156880484,4,92,9045,1733,0
580542165066316,6,92,9026,2288,0
580542171659809,2,96,10766,858,0
580542287595718,4,94,9667,1468,0
580542301902855,7,51,9523,2834,0
564834056481267,7,90,16491,2783,0
565077415696372,16,87,15075,6107,0
565098389901087,5,91,10426,2122,0
565217304191954,10,83,10677,3849,0
565269632984541,4,88.8,13208,1591,0
565363818041471,3,76,13432,1427,0
565496654341452,11,92,16561,4122,0
565558415196900,6,86,9124,2383,0
566063407047005,4,89,8398,1732,0
566159809060717,4,85,8995,1628,0
566238156888418,10,91,11999,3919,0
567950127805979,15,100,12699,5486,0
580542167235001,4,91,9884,1746,0
580542170968925,4,91,10642,1664,0
580542275707509,4,78,12307,1532,0
580542314537123,4,85,8350,1628,0
563388856205312,4,89,11857,1752,0
564939836239055,16,97,13807,6101,0
565328039454757,4,96,13527,1824,0
565596821854002,4,80,8983,1530,0
565982969932870,7,91,15421,2869,0
566254471554139,12,92,15021,4569,0
566368897408976,7,94,13115,2897,0
567950098940179,11,87,11655,4076,0
567950149286452,10,93,13341,3764,0
567950177519700,5,91,12935,2064,0
567950183562348,4,93,13560,1607,0
580542250164642,5,92,9971,2027,0
580542287527902,8,99,10386,3261,0
580542320116292,21,89,16779,7716,0
564108267364352,4,97,11799,1487,0
565042727355930,4,87,12485,1746,0
565082757401071,6,69,10847,2213,0
565959316941462,5,83,17458,2133,0
566381252389679,8,96,13945,3063,0
580542169381361,4,79,10845,1698,0
580542238593011,3,79,8946,1266,0
580542267978099,25,91,17074,9309,0
563972355522560,4,92,11422,1693,0
567950059266808,10,46,11674,3747,0
567950119894062,5,90,9643,1961,0
580542156880746,14,94,16169,5345,0
580542235513112,8,77,12824,3001,0
580542242105076,8,87,11519,3204,0
580542269803304,3,93,11369,1423,0
580542298411408,15,90,16358,5773,0
563566977421312,5,88,9103,2105,0
565071191224030,8,94,12021,3204,0
567949996951211,11,97,12291,4252,0
567950017827611,3,92,8717,1349,0
567950078215715,8,91,10359,3139,0
580542151801950,6,92,12750,2278,0
580542262278503,9,97,10297,3560,0
580542278437592,7,95,11206,2917,0
580542280118295,8,83,12821,2954,0
580542282110183,3,91,10125,1380,0
580542282986135,4,80,9968,1739,0
563768625668096,4,72,12509,1696,0
564389836825179,4,99,14591,1553,0
564577729648924,8,91,13041,2964,0
564741587605877,11,81,11304,4372,0
565026264782439,20,95,15702,7579,0
565034138144771,7,92,11543,2735,0
565404208535163,12,91,11416,4449,0
566315817636063,13,94,13100,4825,0
567950028877274,9,88,13938,3425,0
567950104918750,3,94,9875,1288,0
567950177684568,8,95,9968,3063,0
567950197410646,14,80,16932,5430,0
580542224861454,5,95,8991,2048,0
580542233216262,8,93,9845,3052,0
580542265223192,4,91,9365,1735,0
562950075097846,17,89,13853,6347,0
563434093350912,6,94,11648,2394,0
563655354032129,17,85,16161,6512,0
564747062027099,7,93,17984,2887,0
565165939231074,8,100,11869,3075,0
565622058721380,4,58,9170,1491,0
565671763576988,4,93,11086,1586,0
566015972282908,6,91,10726,2214,0
566370798604301,11,80,10849,4062,0
567950031034663,6,91,11790,2471,0
567950147427271,12,80,11698,4546,0
580542142864663,5,87,8689,1920,0
580542155628139,4,92,10742,1643,0
580542221755741,7,94,9403,2743,0
580542300332469,8,89,12595,3160,0
580542303316139,4,90,9777,1819,0
580542339233445,12,80,11255,4512,0
563781988589569,9,92,10956,3561,0
563803734085636,6,85,10874,2477,0
564732678573989,4,88,12448,1584,0
565037017532165,4,84,10579,1670,0
565266082113660,16,99,13491,6180,0
565353408113757,6,83,12564,2531,0
565461261757254,8,87,10458,3177,0
565961896830581,12,82,12092,4545,0
567950008326704,5,99,10441,2043,0
567950140677629,11,96,10821,4050,0
580542148316634,8,99,10050,2929,0
580542231497464,9,90,10900,3434,0
580542287365572,21,94,16752,7990,0
564425622497105,17,96,14841,6542,0
564828859475948,6,88,9829,2202,0
564958637921112,13,95,18021,5088,0
565156891201698,10,88,12338,3841,0
565326682260688,3,93,10400,1432,0
565975588737245,7,94,11953,2825,0
566254353060342,8,99,10863,2986,0
567950079708377,3,94,10531,1406,0
567950109243779,7,99,10918,2887,0
580542158999047,6,89,11034,2344,0
580542251188909,6,89,10876,2375,0
580542259280055,7,99,15931,2589,0
580542260199683,5,81,10130,2022,0
580542279915000,3,76,9498,1447,0
563397342994432,8,81,10389,2945,0
564057903144961,10,87,13859,3914,0
564675379075451,14,89,15904,5392,0
565047439207382,21,80,15949,7767,0
565590960440766,8,96,11439,3142,0
565626557443501,20,92,16291,7311,0
566102176836692,20,91,14583,7346,0
566128804569268,6,90,13609,2537,0
567950083933142,13,88,13175,4912,0
567950172588060,4,90,8788,1822,0
580542151468430,8,89,11333,3106,0
580542259746241,16,93,13550,5891,0
580542292868296,4,89,10928,1545,0
580542324254216,15,99,15252,5639,0
563876503945220,16,90,14777,5901,0
563989803171841,6,100,9661,2368,0
564823597524237,7,88,10378,2792,0
565100907668067,19,88,16877,7121,0
565344503466152,20,90,14720,7636,0
565383408061135,10,91,11969,3790,0
565494007075285,7,92,9519,2832,0
565704246889324,16,89,12519,5900,0
567950140390425,6,90,9461,2449,0
580542158449043,11,99,13119,4199,0
580542273983950,4,83,8514,1580,0
580542289001075,4,75,13376,1802,0
580542316934741,8,94,11830,3058,0
563989510295553,6,90,10725,2258,0
564874507919837,6,75,11903,2349,0
565282113194298,6,93,13274,2344,0
565414868753364,5,89,15330,2018,0
565789629939795,14,89,12203,5338,0
567950043512656,10,98,13619,3926,0
567950090753970,4,92,10127,1627,0
580542273421684,4,87,8976,1640,0
563454588813312,4,86,8538,1742,0
563462998528000,14,82,13216,5361,0
563816735576064,7,54,9744,2630,0
564697043377609,7,86,11650,2728,0
565149528295965,11,80,10781,4107,0
565510915566963,16,90,13110,6176,0
565693158195889,3,98,11026,1455,0
566266053470811,5,92,12059,2005,0
566453951990090,7,86,10199,2659,0
567949981290651,3,93,10653,1210,0
567950005175193,8,85,10366,3163,0
567950006595296,6,85,11639,2549,0
567950100423769,10,95,14300,3992,0
567950193093298,7,93,10564,2817,0
567950195869818,11,80,11749,4167,0
567950197357257,8,92,10750,3268,0
580542152759413,10,98,14993,3887,0
580542239004681,4,60,9258,1662,0
580542304555979,4,90,13880,1567,0
580542322661725,5,89,10165,2048,0
563775870996482,6,89,10810,2370,0
564930221574355,5,100,11397,2170,0
565223000182327,14,91,14809,5193,0
565347337635789,4,97,10036,1735,0
565983108542392,14,94,15705,5208,0
567950106712742,5,95,11265,1951,0
567950125318620,12,92,15711,4457,0
580542155691512,9,81,11501,3644,0
580542173150202,12,91,12555,4486,0
580542281908986,7,99,20312,2750,0
563366799089664,9,87,10491,3497,0
563589550841857,4,91,10134,1692,0
563632072433665,11,89,10941,4204,0
565286939863089,7,86,9608,2741,0
565643498695142,7,93,9171,2566,0
565650330420930,7,96,13598,2747,0
566051430138563,15,93,14795,5658,0
567950014978221,10,93,11440,3680,0
567950091417901,5,84,10685,2172,0
567950106091213,15,92,14900,5505,0
567950171880887,7,90,16565,2582,0
580542231952534,4,82,8611,1535,0
580542259454296,4,90,10188,1479,0
580542264216605,11,98,10904,4178,0
580542273067675,5,68,8900,1882,0
580542302607897,9,97,11800,3499,0
580542329670487,8,80,12272,3053,0
564284563202050,15,98,17335,5634,0
565230027346726,5,98,11021,2041,0
565337592442851,4,75,9311,1711,0
565664306305939,11,100,11331,4234,0
566254473714733,23,89,16735,8552,0
566282324682573,6,95,13423,2270,0
567950092335796,6,94,9243,2328,0
567950132132785,8,95,11113,3065,0
580542222312768,13,79.25,14160,4951,0
580542262595768,10,90,20159,3884,0
580542296676320,15,99,14912,5484,0
564591985168871,10,77,11329,3988,0
565191732102583,11,96,11095,4238,0
565240458391040,5,87,13885,1868,0
565943921288379,8,99,11756,3082,0
566384264088836,13,90,15507,4983,0
567950008074315,4,99,9732,1742,0
580542142878097,12,93,11402,4465,0
580542150150753,7,87,10330,2684,0
580542248090807,12,77,13380,4409,0
580542256130312,6,83,9067,2259,0
580542258059896,5,92,10590,1830,0
580542286064546,4,97,8479,1599,0
580542294454883,3,96,9891,1305,0
563980900040704,15,88,12810,5536,0
564393821869637,7,87,12808,2608,0
564952414948810,7,88,11319,2673,0
565060902391209,22,95,15851,8137,0
565104224569291,11,92,17576,4313,0
566096055906264,9,88,11487,3489,0
567950150693564,4,93,9932,1699,0
567950194250884,5,84,8706,2082,0
580542239401222,4,91,8646,1487,0
580542252880732,4,95,11795,1704,0
563445564252160,5,89,12002,2179,0
563458693664769,12,94,15777,4596,0
563832932474882,20,80.2,14665,7384,0
563849871429633,8,92,10518,3159,0
566130547561505,9,94,10429,3404,0
567950004698755,4,96,9123,1773,0
567950035570575,7,89,20015,2867,0
567950175871507,6,94,11919,2229,0
580542227724321,4,93,9163,1808,0
580542247729679,8,89,16030,3273,0
580542261936892,5,74,14248,1860,0
580542295850609,4,91,14595,1799,0
563820371316736,8,95,12085,3040,0
564017345142786,12,88,12060,4442,0
565021814948376,16,89,15312,6196,0
565177310712456,7,93,11122,2665,0
565461997786032,14,92,12221,5389,0
565666412697487,22,94,15081,8355,0
566032362711343,13,92,12147,4804,0
566080882934194,10,94,12164,3940,0
566125074190634,11,80,10779,4017,0
567949972051020,11,98,11253,4323,0
567950112320412,4,88,12150,1473,0
567950173294726,6,81,11787,2337,0
580542187379956,7,88,9605,2742,0
580542239792357,7,89,10327,2556,0
580542247832477,15,82,13441,5630,0
580542254546934,4,87,10256,1655,0
580542264215002,6,90,12150,2356,0
580542282196776,11,76,14722,4125,0
563440907714561,11,88,11196,4058,0
563764097454082,17,84,12963,6263,0
564239505825794,6,88,10444,2531,0
565520229074389,7,97,10607,2806,0
565738038307148,5,90,13160,2034,0
567950105054035,10,86,13193,3841,0
567950111679379,3,88,9909,1245,0
567950172694172,15,86,16645,5785,0
567950187714449,6,93,9246,2405,0
580542152697699,7,87,14087,2741,0
580542275662561,5,93,10901,1910,0
563717111746560,13,79,14238,4750,0
563871456694272,9,88,12431,3601,0
565399449438054,24,93,16097,9122,0
565960330516460,13,93,11444,4779,0
566123867016138,7,84,10851,2665,0
567950189232496,6,91,11375,2519,0
580542148568516,6,93,13537,2376,0
580542156870540,6,93,11462,2306,0
580542175448429,5,93,8810,2095,0
580542269686566,10,80,12093,3917,0
580542315259268,20,90,14991,7437,0
563321163808769,10,93,10641,3959,0
565110188218265,6,89,11611,2456,0
566004920877326,10,83,13112,3937,0
566129693306617,12,95,14812,4661,0
566130851584529,10,89,18039,3951,0
566147575980391,3,81,10673,1440,0
566181249418649,8,78,15040,3035,0
566254576149276,16,94,15048,6108,0
567950014768049,5,98,15578,2188,0
567950042279085,5,95,11187,1937,0
567950090764111,6,98,9896,2253,0
567950141858141,3,90,10197,1416,0
580542168565649,9,94,11211,3408,0
580542264030893,16,92,12605,5981,0
580542285903747,5,91,9142,1985,0
580542325370459,10,100,11178,3992,0
563134923210752,20,88,14514,7472,0
564490403971582,4,89,9728,1522,0
564659246473813,12,78,11314,4561,0
565371800846893,7,95,11424,2740,0
567950041841668,14,98,13123,5267,0
567950071230684,16,88,13064,5933,0
567950093429032,13,94,12081,4755,0
567950097997858,4,91,10058,1621,0
567950099244558,5,99,14375,2130,0
567950111229350,14,91,15357,5116,0
567950158957620,11,80,11742,4051,0
567950168050380,4,95,9767,1696,0
580542146632388,8,91,10591,3259,0
580542261055184,7,89,12827,2648,0
580542268622744,11,87,11850,4150,0
580542287432356,8,92,11579,2972,0
580542308994580,5,92,8981,1986,0
580542325515700,4,80,9133,1537,0
580542325527245,9,80,12837,3341,0
563576849367040,7,81,10576,2805,0
563757831102466,16,80,12752,5947,0
563764011016192,3,90,11653,1257,0
564447530782579,7,93,13105,2916,0
565304804378505,6,80,9682,2340,0
565321058101065,12,91,15193,4660,0
565420767842642,4,93,11376,1590,0
565966698779325,5,92,9164,1936,0
567950011932607,3,84,8820,1374,0
567950022343609,11,92,11580,4265,0
567950043516593,10,87,14198,3790,0
580542150852081,6,80,9640,2267,0
580542168151737,15,90,12341,5680,0
580542173166111,5,90,11401,1892,0
580542186039588,4,88,9641,1503,0
580542246007975,10,96,10651,3862,0
580542248382589,10,87,14065,3736,0
580542251112803,8,90,9847,3156,0
580542255385379,4,89,8912,1648,0
580542260453973,3,96,15149,1368,0
580542263898653,10,88,11991,3675,0
580542321015745,8,87,11962,3112,0
563543470571521,7,84,9705,2743,0
563671719936000,13,98,16377,4962,0
564563460561657,4,90,9187,1815,0
564630497072893,13,100,18650,4845,0
564866113675634,8,81,11177,3278,0
565603875297931,5,88,8923,1963,1
566401482238406,7,91,15948,2653,0
566464244089236,10,93,10524,3716,0
567949974461610,4,88,10685,1688,0
580542146316140,3,80,10035,1371,0
580542168487454,16,82,14193,6154,0
580542260476536,4,85,14064,1581,0
564922450646610,10,85,10659,3764,0
564953916318553,13,84,14968,4967,0
565112401366096,8,96,11926,3187,0
565583191486355,7,91,9677,2559,0
566089738096604,6,96,11818,2271,0
567950109000142,13,100,14424,5044,0
567950178157020,7,95,10586,2722,0
567950182207915,10,54,13042,3980,0
580542243943057,4,98,15625,1607,0
580542265103721,9,90,10369,3335,0
564384699384161,8,98,12858,3243,0
565518642786065,10,84,11308,3671,0
565844416014582,5,86,9898,2098,0
566151673092290,6,84,12169,2409,0
566157427803984,4,89,9871,1714,0
567950155914582,10,78,13828,3992,0
580542154649390,11,85,14187,4365,0
580542173278326,9,87,10888,3446,0
580542275848430,4,91,10538,1560,0
580542299536820,6,93,9442,2532,0
563528036843521,31,88,18366,11612,0
563846502162433,8,80,14166,2963,0
564364938976460,7,97,9851,2845,0
565444419257737,8,89,10538,3041,0
567949978198749,8,98,9949,3267,0
567950001200997,8,92,12546,3019,0
567950101794227,4,77,10660,1745,0
580542141197781,11,83,13482,4083,0
580542162149943,8,93,11122,2974,0
580542266956043,5,91,11293,1866,0
580542277296907,8,91,15223,3091,0
563623362830336,10,86,11786,3819,0
564029326102528,8,60,14018,3000,0
564138104266752,5,91,12990,2148,0
565618639774777,4,98,11416,1768,0
566493552651449,5,82,9823,1964,0
580542142384122,7,93,11659,2733,0
580542218086872,9,93,14825,3539,0
580542239508294,11,95,12111,4017,0
580542265513324,6,94,11256,2441,0
580542281222570,4,93,16714,1713,0
580542302621626,4,75,9915,1598,0
580542319918801,9,99,10315,3621,0
580542331141850,5,97,9096,2175,0
563362291326979,15,87,12857,5756,0
563537142222849,6,95.65,9124,2475,0
564135891243009,19,89,17665,7117,0
564533785010637,14,82,13600,5262,0
565619612650960,4,60,9716,1516,0
565874100546291,7,81,10595,2774,0
565904885220340,12,80,12458,4385,0
565984731868540,6,98,9592,2519,0
566012934892868,6,83,9947,2288,0
567950036557805,10,98,11607,3673,0
567950084124121,20,94,21292,7628,0
567950196404318,4,89,8993,1700,0
580542223293867,10,95,11355,4009,0
580542224291589,7,87,11372,2624,0
580542229697789,17,91,13431,6460,0
580542300685301,6,88,16091,2440,0
563702375448577,8,93,10419,3058,0
563719304843265,13,94,13089,4909,0
563801410633728,8,93,16159,3266,0
564693704377961,16,84,13899,5891,0
565086835781625,6,97,15429,2406,0
565150110134268,7,97,13153,2901,0
565661178268014,9,85,10434,3380,0
567950106473716,7,83,11009,2673,0
567950146713404,5,91,8810,2041,0
567950195351212,7,89,10847,2651,0
580542144050596,7,92,9776,2614,0
580542250369260,4,93,10089,1753,0
580542293024986,4,86,9076,1509,0
564560970650140,14,88,17926,5312,0
565042567781786,11,90,13708,4246,0
565355369996573,4,92,10804,1643,0
565812165542069,13,98,13857,5074,0
566374656847364,4,90,12637,1642,0
567950076446249,7,85,11440,2775,0
567950096094663,7,89,11685,2610,0
580542143254553,5,82,15667,2131,0
580542158705285,5,80,12038,2005,0
580542243906259,7,99,11971,2883,0
580542249107521,16,87,17523,5927,0
580542297973306,4,89,9400,1543,0
563599231287296,4,85,10896,1781,0
564057883811841,4,90,13488,1467,0
564104170315776,10,76,12052,3692,0
564231571574784,4,92,11062,1560,0
565038615759030,6,97,10364,2379,0
565355441432902,6,80.1,11061,2194,0
565406444098883,8,90,12712,3149,0
565532102367611,6,92,9568,2400,0
565568390175253,19,97,13881,7116,0
565735525910078,4,94,9680,1601,0
566225648620396,8,94,10759,3037,0
567950054849042,4,90,8767,1621,0
567950098599962,18,100,13548,6777,0
567950196874445,4,98,9020,1514,0
580542256178018,10,78,11019,3660,0
580542273653886,3,62,10452,1455,0
580542286828888,4,90,11184,1578,0
580542300052706,7,89,11017,2736,0
564099686735874,5,82,9567,1913,0
564192404439040,13,94,12544,5022,0
564262843580418,8,92,13882,3195,0
564477656764652,6,96,16930,2389,0
564528017971540,16,100,13901,5865,0
564909350917467,21,92,14454,7668,0
565780293949088,5,90,12362,1923,0
566334349770804,7,73,12333,2874,0
567950099082267,9,91,13660,3621,0
567950141281677,4,79,12103,1794,0
580542159422399,5,86,17881,1850,0
580542251645966,7,85,10350,2635,0
580542260453539,4,81,9101,1564,0
580542288924561,7,87,11641,2663,0
580542300860463,3,91,8551,1412,0
580542303582179,5,99,9597,1998,0
580542314261853,3,93,9503,1359,0
564082232131589,6,91,10106,2316,0
564915140105492,10,76,12792,3709,0
565324603663380,14,94,12838,5163,0
566089552234082,7,97,11231,2607,0
566294474206696,6,90,10680,2279,0
567949988871600,8,89,10271,2998,0
567950111890664,8,90,13561,3280,0
567950125292210,7,96,9545,2602,0
567950145451020,6,97,10247,2363,0
567950178568691,7,91,11490,2595,0
567950178847710,12,92,11330,4388,0
580542237205056,3,93,8850,1434,0
580542266727366,10,87,12674,3964,0
580542300816548,4,82,9151,1546,0
580542308493998,3,94,16510,1368,0
563209772863488,6,99,11479,2528,0
563706032816129,6,65,12762,2320,0
564921816056750,8,87,10239,3096,0
565165520130295,6,100,9664,2225,0
565346671995799,4,72,14205,1793,0
565467824204127,8,83,10603,2991,0
565520151546323,10,89,10641,3965,0
565821078510313,8,89,12595,3091,0
566163565387841,8,90,10811,2979,0
566193402613833,13,90,13870,4889,0
567950136773371,7,99,10941,2627,0
580542141607777,6,96,12261,2289,0
580542219103021,11,93,11279,4042,0
580542296952297,11,90,11005,4048,0
580542324313561,6,80,10900,2532,0
563644458078209,14,87,11992,5259,0
563757673488386,7,60,10351,2771,0
563759181275136,7,90,11532,2680,0
563963402518529,11,93,12301,4016,0
564033410244608,6,86,11985,2295,0
564996697825232,5,87,11626,1872,0
565038136232698,4,81,10655,1580,0
565987585429511,5,95,10171,2187,0
566254435112023,7,83,17606,2557,0
566493482651010,12,75,13776,4623,0
567950078906708,6,82,10701,2271,0
580542222141652,8,89,12944,2923,0
580542291492438,9,92,10469,3462,0
580542297195556,4,90,10375,1524,0
580542302464138,4,89,9576,1707,0
563618893275136,9,100,14059,3567,0
563830818611202,18,90,14296,6680,0
563965174681600,11,95,12619,4077,0
563972493803521,8,85,11874,3106,0
564109629005825,12,90,11516,4673,0
564642607469827,7,88,10890,2819,0
565553961903986,12,83,15657,4392,0
565692035572867,7,95,13239,2839,0
565969904802108,9,96,12272,3400,0
565993309606233,8,100,10544,2985,0
567949990489159,17,94,15140,6231,0
567950101861636,10,95,11723,3819,0
567950128403755,8,89,10223,3180,0
580542158510343,12,78,11315,4656,0
580542261332525,8,90,12236,3006,0
580542268242411,6,95,10716,2302,0
580542282566441,13,96,14629,4792,0
580542479491070,10,95,12811,3999,0
563785288982532,5,88,10570,2004,0
564271640748033,6,100,13476,2371,0
565060850293617,7,92,10971,2748,0
565302769485761,13,88.55,12088,4948,0
565429395858641,8,94,14084,3042,0
565745037219979,23,83,16340,8701,0
565834866033387,13,99,11625,4787,0
566239296300505,11,93,11860,4353,0
566463714690578,4,84,9092,1805,0
567949967835300,7,76,18169,2641,0
567949984327530,8,97,10180,3075,0
567950013848984,5,87,9332,1867,0
567950020341962,9,96,10997,3336,0
567950193243609,4,84,9967,1752,0
580542148586822,4,71,9891,1564,0
580542232058984,7,98,11731,2641,0
580542262353404,3,77,10597,1370,0
580542274124306,10,95,12414,3975,0
563919915323392,13,99,11520,4821,0
564805276535754,8,96,11649,3083,0
565191154213414,5,80,15665,1848,0
565194296528299,14,96,12123,5441,0
565220403318581,5,96,13404,1920,0
565297874872743,17,99,14320,6359,0
566029641457892,14,90,15984,5196,0
567949996832903,13,88,13436,4868,0
567950060728879,8,89,11361,3266,0
567950113743841,4,95,10267,1565,0
567950159962253,8,89,9679,3001,0
567950171592955,7,88,9920,2863,0
567950191004914,14,100,14366,5251,0
580542160971053,13,99.15,12982,4832,0
580542224981589,6,91,12388,2291,0
580542284646265,7,86,9445,2774,0
563537753083904,13,91,13573,5080,0
564215616503808,21,72,20959,7955,0
564464723565093,8,86,16196,3141,0
564805132555107,21,86,15341,8014,0
565303907786978,11,88,14905,4351,0
565313611050516,4,97,9602,1496,0
565671625436894,6,66,19920,2386,0
565891446288216,6,94,14124,2442,0
565983691743102,3,59,13476,1385,0
566210519307939,12,89,13496,4428,0
566380251842828,5,90,10116,2147,0
567950085032504,4,80,10582,1759,0
580542226722042,5,83,13430,1947,0
580542232388414,9,73,11873,3420,0
580542257015884,7,100,11688,2862,0
580542278301346,5,90,9513,2148,0
564170486456320,5,98,13167,2093,0
564982347604520,3,87,9742,1273,0
565178500451493,18,93,17524,6907,0
565189583646010,14,94,12666,5112,0
566006735245226,9,96,14912,3470,0
567950077448683,10,92,11217,3791,0
567950177867987,3,96,16248,1364,0
580542140446669,11,87,10951,4072,0
580542143662123,10,89,12225,4002,0
580542148845742,11,87,11259,4080,0
580542236873889,5,81,9014,2158,0
580542252467543,8,95,9806,2977,0
580542304443013,19,94,15620,6971,0
563604494295040,11,95,11718,4373,0
563921472847872,9,99,10338,3397,0
564121309483008,8,86,10851,3082,0
564908080958706,9,99,12246,3478,0
565070878811414,13,88,15376,4840,0
565191787022857,4,95,12412,1600,0
565840150005494,9,81,10977,3309,0
567950008846116,7,90,11163,2770,0
567950123363026,4,85,10359,1670,0
567950189884616,13,92,14825,4769,0
567950197200122,7,77,10639,2715,0
580542159480260,22,91,15114,8238,0
580542166219858,10,89,14745,3993,0
580542235079728,7,99,9950,2628,0
580542269265458,4,97,10624,1763,0
580542287981722,3,98,10761,1403,0
580542288574014,4,92,9916,1642,0
580542291360674,4,89,8716,1490,0
