1,1,2020-07-12,2
2,1,2020-07-12,2
3,1,2020-07-12,1
4,1,2020-07-12,2
5,0,2020-07-12,2
6,1,2020-07-12,1
7,0,2020-07-12,2
8,1,2020-07-11,1
9,1,2020-07-12,2
10,1,2020-07-11,2
11,1,2020-07-11,1
12,1,2020-07-11,1
13,1,2020-07-12,1
14,1,2020-07-11,1
15,1,2020-07-12,2
16,1,2020-07-11,2
17,1,2020-07-12,1
18,1,2020-07-11,1
19,1,2020-07-11,2
20,1,2020-07-11,1
21,1,2020-07-12,2
22,1,2020-07-12,1
23,1,2020-07-11,2
24,1,2020-07-12,1
25,1,2020-07-11,1
26,1,2020-07-11,2
27,1,2020-07-12,1
28,0,2020-07-11,1
29,0,2020-07-11,1
30,0,2020-07-12,1
31,1,2020-07-11,1
32,0,2020-07-11,2
33,1,2020-07-12,1
34,0,2020-07-12,2
35,1,2020-07-12,2
36,1,2020-07-11,2
37,1,2020-07-12,2
38,1,2020-07-11,1
39,1,2020-07-12,2
40,1,2020-07-11,1
41,1,2020-07-11,1
42,1,2020-07-12,2
43,1,2020-07-12,1
44,0,2020-07-12,1
45,1,2020-07-12,2
46,1,2020-07-11,1
47,1,2020-07-12,2
48,1,2020-07-11,1
49,1,2020-07-11,2
50,1,2020-07-12,2
51,1,2020-07-11,1
52,1,2020-07-12,1
53,0,2020-07-12,2
54,1,2020-07-11,2
55,0,2020-07-11,1
56,1,2020-07-11,2
57,1,2020-07-12,2
58,1,2020-07-11,1
59,1,2020-07-11,1
60,1,2020-07-11,2
61,1,2020-07-11,1
62,1,2020-07-12,1
63,0,2020-07-11,1
64,1,2020-07-12,1
65,0,2020-07-11,2
66,1,2020-07-12,1
67,1,2020-07-12,2
68,1,2020-07-11,1
69,1,2020-07-11,1
70,1,2020-07-11,1
71,1,2020-07-12,2
72,1,2020-07-12,2
73,1,2020-07-11,1
74,0,2020-07-12,1
75,1,2020-07-12,2
76,1,2020-07-12,2
77,0,2020-07-12,1
78,1,2020-07-11,1
79,1,2020-07-12,1
80,1,2020-07-12,2
81,1,2020-07-11,1
82,1,2020-07-11,1
83,1,2020-07-12,1
84,1,2020-07-11,2
85,0,2020-07-11,1
86,1,2020-07-12,2
87,1,2020-07-12,1
88,1,2020-07-11,1
89,1,2020-07-12,2
90,1,2020-07-12,2
91,1,2020-07-12,2
92,1,2020-07-12,1
93,1,2020-07-12,2
94,1,2020-07-12,2
95,1,2020-07-11,2
96,1,2020-07-12,1
97,1,2020-07-12,1
98,0,2020-07-12,2
99,1,2020-07-11,1
100,1,2020-07-11,2
101,1,2020-07-12,2
102,0,2020-07-12,1
103,1,2020-07-11,2
104,1,2020-07-12,2
105,0,2020-07-11,1
106,1,2020-07-12,1
107,1,2020-07-12,1
108,1,2020-07-11,2
109,1,2020-07-11,2
110,0,2020-07-12,1
111,1,2020-07-12,1
112,1,2020-07-12,2
113,1,2020-07-12,1
114,1,2020-07-12,2
115,1,2020-07-12,1
116,1,2020-07-12,1
117,1,2020-07-12,2
118,1,2020-07-12,2
119,1,2020-07-11,1
120,1,2020-07-11,2
121,0,2020-07-11,2
122,1,2020-07-11,2
123,1,2020-07-12,2
124,1,2020-07-11,1
125,0,2020-07-11,2
126,1,2020-07-12,1
127,1,2020-07-11,2
128,1,2020-07-11,1
129,0,2020-07-11,1
130,1,2020-07-12,2
131,1,2020-07-12,2
132,1,2020-07-12,1
133,1,2020-07-12,1
134,1,2020-07-11,1
135,1,2020-07-12,2
136,1,2020-07-12,2
137,0,2020-07-11,2
138,1,2020-07-11,2
139,1,2020-07-11,2
140,1,2020-07-12,1
141,1,2020-07-12,1
142,1,2020-07-11,2
143,1,2020-07-12,2
144,1,2020-07-12,2
145,1,2020-07-12,2
146,1,2020-07-12,1
147,1,2020-07-11,1
148,1,2020-07-11,1
149,1,2020-07-11,2
150,1,2020-07-11,2
151,1,2020-07-12,1
152,1,2020-07-11,1
153,1,2020-07-11,1
154,1,2020-07-12,1
155,0,2020-07-11,2
156,1,2020-07-11,1
157,0,2020-07-12,1
158,1,2020-07-12,2
159,1,2020-07-11,2
160,0,2020-07-12,2
161,1,2020-07-11,1
162,1,2020-07-12,2
163,0,2020-07-11,2
164,1,2020-07-12,1
165,1,2020-07-12,1
166,1,2020-07-12,1
167,1,2020-07-12,2
168,1,2020-07-12,1
169,1,2020-07-11,1
170,1,2020-07-12,2
171,1,2020-07-11,2
172,0,2020-07-12,2
173,1,2020-07-12,2
174,1,2020-07-12,1
175,1,2020-07-12,2
176,1,2020-07-11,2
177,1,2020-07-11,2
178,1,2020-07-12,2
179,0,2020-07-12,2
180,1,2020-07-12,2
181,1,2020-07-12,2
182,1,2020-07-12,1
183,1,2020-07-12,1
184,1,2020-07-11,2
185,0,2020-07-11,1
186,1,2020-07-12,2
187,1,2020-07-11,1
188,1,2020-07-12,2
189,1,2020-07-12,2
190,1,2020-07-11,2
191,1,2020-07-12,2
192,1,2020-07-12,2
193,0,2020-07-12,2
194,1,2020-07-11,2
195,1,2020-07-12,1
196,0,2020-07-12,2
197,1,2020-07-11,2
198,0,2020-07-11,1
199,1,2020-07-11,2
200,1,2020-07-12,2
201,1,2020-07-12,1
202,1,2020-07-11,2
203,1,2020-07-11,1
204,1,2020-07-12,1
205,1,2020-07-11,1
206,1,2020-07-11,1
207,1,2020-07-11,1
208,1,2020-07-11,2
209,1,2020-07-11,1
210,1,2020-07-11,1
211,1,2020-07-11,1
212,1,2020-07-12,1
213,1,2020-07-12,2
214,1,2020-07-12,2
215,1,2020-07-12,2
216,1,2020-07-12,2
217,1,2020-07-11,2
218,1,2020-07-11,2
219,1,2020-07-11,2
220,1,2020-07-11,1
221,1,2020-07-11,1
222,1,2020-07-12,1
223,0,2020-07-11,2
224,1,2020-07-11,1
225,1,2020-07-11,1
226,0,2020-07-11,1
227,1,2020-07-12,1
228,1,2020-07-12,1
229,1,2020-07-12,1
230,1,2020-07-11,2
231,1,2020-07-12,2
232,0,2020-07-12,2
233,1,2020-07-11,1
234,1,2020-07-11,1
235,1,2020-07-12,1
236,1,2020-07-12,2
237,0,2020-07-11,1
238,0,2020-07-12,2
239,0,2020-07-11,2
240,0,2020-07-11,2
241,0,2020-07-11,1
242,1,2020-07-11,2
243,1,2020-07-12,1
244,1,2020-07-11,1
245,1,2020-07-12,2
246,1,2020-07-11,2
247,1,2020-07-12,2
248,1,2020-07-12,1
249,1,2020-07-11,2
250,0,2020-07-12,1
251,1,2020-07-12,1
252,0,2020-07-11,2
253,1,2020-07-12,1
254,1,2020-07-11,2
255,1,2020-07-11,1
256,0,2020-07-12,2
257,1,2020-07-12,2
258,1,2020-07-11,1
259,1,2020-07-12,1
260,1,2020-07-12,2
261,1,2020-07-12,2
262,1,2020-07-12,1
263,0,2020-07-11,2
264,1,2020-07-12,1
265,1,2020-07-11,1
266,0,2020-07-12,1
267,1,2020-07-12,1
268,1,2020-07-11,1
269,1,2020-07-11,2
270,1,2020-07-11,1
271,1,2020-07-12,2
272,1,2020-07-11,1
273,0,2020-07-12,1
274,1,2020-07-12,1
275,1,2020-07-11,1
276,1,2020-07-11,2
277,1,2020-07-11,2
278,1,2020-07-11,2
279,1,2020-07-12,2
280,1,2020-07-11,1
281,1,2020-07-11,1
282,1,2020-07-11,2
283,1,2020-07-12,2
284,0,2020-07-11,2
285,1,2020-07-12,1
286,1,2020-07-11,1
287,1,2020-07-11,1
288,1,2020-07-12,1
289,1,2020-07-11,2
290,1,2020-07-12,1
291,1,2020-07-11,1
292,1,2020-07-11,2
293,0,2020-07-12,2
294,1,2020-07-11,2
295,0,2020-07-12,1
296,1,2020-07-11,1
297,1,2020-07-11,2
298,1,2020-07-12,2
299,1,2020-07-12,1
300,1,2020-07-12,1
301,1,2020-07-11,2
302,1,2020-07-11,2
303,1,2020-07-12,1
304,1,2020-07-11,1
305,1,2020-07-12,2
306,0,2020-07-11,1
307,1,2020-07-12,1
308,1,2020-07-12,1
309,0,2020-07-12,2
310,1,2020-07-11,2
311,1,2020-07-12,2
312,1,2020-07-11,2
313,1,2020-07-11,1
314,1,2020-07-11,1
315,1,2020-07-11,2
316,1,2020-07-12,2
317,1,2020-07-12,2
318,1,2020-07-12,1
319,1,2020-07-11,1
320,1,2020-07-11,2
321,1,2020-07-12,1
322,1,2020-07-11,1
323,1,2020-07-11,2
324,0,2020-07-12,1
325,1,2020-07-11,1
326,1,2020-07-12,2
327,1,2020-07-12,1
328,1,2020-07-12,1
329,1,2020-07-12,2
330,1,2020-07-11,2
331,0,2020-07-11,2
332,1,2020-07-12,2
333,1,2020-07-12,1
334,1,2020-07-11,1
335,1,2020-07-11,2
336,1,2020-07-11,1
337,1,2020-07-11,2
338,1,2020-07-11,2
339,1,2020-07-11,2
340,0,2020-07-12,1
341,1,2020-07-12,2
342,1,2020-07-11,2
343,1,2020-07-11,1
344,0,2020-07-11,2
345,0,2020-07-12,2
346,1,2020-07-11,2
347,0,2020-07-12,2
348,1,2020-07-11,1
349,1,2020-07-11,1
350,0,2020-07-12,1
351,1,2020-07-12,1
352,1,2020-07-11,2
353,1,2020-07-12,1
354,1,2020-07-12,1
355,0,2020-07-12,2
356,1,2020-07-12,1
357,1,2020-07-12,1
358,1,2020-07-12,1
359,0,2020-07-12,2
360,1,2020-07-12,1
361,1,2020-07-12,1
362,1,2020-07-11,2
363,1,2020-07-12,1
364,1,2020-07-11,2
365,1,2020-07-12,2
366,1,2020-07-12,2
367,1,2020-07-12,2
368,1,2020-07-11,2
369,1,2020-07-11,2
370,0,2020-07-12,1
371,0,2020-07-11,2
372,1,2020-07-11,1
373,1,2020-07-11,1
374,0,2020-07-12,2
375,1,2020-07-12,2
376,1,2020-07-11,2
377,1,2020-07-12,2
378,0,2020-07-12,2
379,1,2020-07-11,2
380,1,2020-07-12,2
381,1,2020-07-12,2
382,1,2020-07-12,2
383,1,2020-07-12,1
384,0,2020-07-12,2
385,0,2020-07-11,1
386,1,2020-07-12,2
387,1,2020-07-12,2
388,1,2020-07-12,1
389,1,2020-07-11,1
390,1,2020-07-11,1
391,1,2020-07-11,1
392,1,2020-07-12,1
393,0,2020-07-11,2
394,1,2020-07-12,1
395,1,2020-07-12,1
396,0,2020-07-12,2
397,1,2020-07-11,1
398,1,2020-07-12,2
399,1,2020-07-12,2
400,1,2020-07-12,2
401,1,2020-07-11,2
402,0,2020-07-12,1
403,1,2020-07-11,2
404,1,2020-07-12,2
405,1,2020-07-11,1
406,1,2020-07-12,1
407,1,2020-07-11,1
408,1,2020-07-12,2
409,1,2020-07-11,2
410,0,2020-07-12,1
411,1,2020-07-12,2
412,1,2020-07-11,1
413,1,2020-07-12,1
414,1,2020-07-12,2
415,1,2020-07-11,2
416,1,2020-07-11,2
417,1,2020-07-11,2
418,1,2020-07-12,2
419,0,2020-07-12,1
420,1,2020-07-12,1
421,1,2020-07-12,2
422,0,2020-07-11,1
423,1,2020-07-11,1
424,1,2020-07-11,1
425,0,2020-07-12,2
426,1,2020-07-12,1
427,1,2020-07-12,1
428,1,2020-07-11,1
429,1,2020-07-12,2
430,1,2020-07-12,2
431,1,2020-07-12,1
432,1,2020-07-11,2
433,1,2020-07-11,1
434,0,2020-07-11,1
435,1,2020-07-12,1
436,1,2020-07-11,2
437,1,2020-07-11,1
438,1,2020-07-11,1
439,0,2020-07-11,1
440,1,2020-07-12,2
441,0,2020-07-11,1
442,1,2020-07-12,2
443,1,2020-07-12,1
444,1,2020-07-12,1
445,0,2020-07-12,2
446,1,2020-07-11,2
447,0,2020-07-11,1
448,1,2020-07-11,2
449,1,2020-07-11,1
450,1,2020-07-12,2
451,1,2020-07-11,2
452,1,2020-07-11,2
453,0,2020-07-11,2
454,1,2020-07-11,1
455,1,2020-07-11,2
456,1,2020-07-12,1
457,1,2020-07-12,1
458,1,2020-07-12,1
459,1,2020-07-11,2
460,0,2020-07-11,1
461,1,2020-07-12,1
462,1,2020-07-12,2
463,1,2020-07-11,1
464,1,2020-07-11,2
465,1,2020-07-11,2
466,1,2020-07-11,1
467,1,2020-07-12,2
468,1,2020-07-12,1
469,1,2020-07-12,1
470,1,2020-07-11,2
471,0,2020-07-11,2
472,0,2020-07-11,1
473,1,2020-07-12,1
474,1,2020-07-11,2
475,1,2020-07-12,1
476,1,2020-07-12,2
477,1,2020-07-11,2
478,1,2020-07-12,2
479,1,2020-07-12,2
480,1,2020-07-12,1
481,1,2020-07-11,1
482,1,2020-07-11,1
483,1,2020-07-12,2
484,1,2020-07-12,1
485,1,2020-07-12,2
486,1,2020-07-11,1
487,1,2020-07-11,2
488,1,2020-07-11,2
489,1,2020-07-12,1
490,0,2020-07-11,1
491,1,2020-07-12,2
492,1,2020-07-12,2
493,0,2020-07-11,1
494,1,2020-07-11,2
495,1,2020-07-11,1
496,0,2020-07-12,1
497,1,2020-07-11,1
498,1,2020-07-11,1
499,1,2020-07-11,1
500,1,2020-07-12,1
501,1,2020-07-12,1
502,1,2020-07-12,2
503,1,2020-07-12,1
504,1,2020-07-11,1
505,1,2020-07-11,1
506,0,2020-07-11,2
507,1,2020-07-11,1
508,1,2020-07-12,2
509,1,2020-07-11,1
510,0,2020-07-11,1
511,1,2020-07-12,2
512,0,2020-07-12,1
513,0,2020-07-11,2
514,1,2020-07-11,2
515,0,2020-07-11,2
516,0,2020-07-11,1
517,1,2020-07-12,2
518,1,2020-07-12,2
519,1,2020-07-12,2
520,1,2020-07-12,2
521,0,2020-07-11,2
522,1,2020-07-11,2
523,1,2020-07-12,1
524,1,2020-07-12,2
525,1,2020-07-11,2
526,1,2020-07-12,1
527,0,2020-07-11,2
528,1,2020-07-12,2
529,1,2020-07-11,2
530,1,2020-07-12,2
531,1,2020-07-11,1
532,1,2020-07-12,2
533,0,2020-07-12,1
534,0,2020-07-12,1
535,1,2020-07-12,2
536,1,2020-07-12,1
537,1,2020-07-12,2
538,0,2020-07-11,1
539,1,2020-07-11,2
540,1,2020-07-12,2
541,1,2020-07-12,1
542,1,2020-07-11,1
543,1,2020-07-11,1
544,1,2020-07-12,2
545,0,2020-07-11,2
546,1,2020-07-11,2
547,0,2020-07-11,2
548,1,2020-07-11,1
549,0,2020-07-11,1
550,0,2020-07-12,2
551,0,2020-07-12,1
552,1,2020-07-12,2
553,0,2020-07-12,2
554,0,2020-07-12,1
555,0,2020-07-11,1
556,1,2020-07-11,2
557,1,2020-07-11,1
558,1,2020-07-12,2
559,1,2020-07-12,1
560,0,2020-07-12,2
561,1,2020-07-12,2
562,1,2020-07-11,2
563,1,2020-07-12,1
564,1,2020-07-12,2
565,1,2020-07-11,1
566,1,2020-07-11,1
567,1,2020-07-11,1
568,0,2020-07-11,1
569,1,2020-07-11,2
570,1,2020-07-12,2
571,1,2020-07-12,2
572,1,2020-07-11,1
573,0,2020-07-12,2
574,1,2020-07-12,1
575,1,2020-07-12,1
576,0,2020-07-11,1
577,1,2020-07-11,2
578,0,2020-07-12,1
579,0,2020-07-11,2
580,1,2020-07-11,1
581,1,2020-07-12,2
582,0,2020-07-12,1
583,0,2020-07-12,2
584,0,2020-07-11,2
585,1,2020-07-11,2
586,1,2020-07-12,2
587,1,2020-07-11,1
588,0,2020-07-11,1
589,1,2020-07-12,1
590,1,2020-07-11,1
591,1,2020-07-11,2
592,1,2020-07-11,2
593,1,2020-07-12,2
594,1,2020-07-12,2
595,0,2020-07-12,1
596,1,2020-07-12,2
597,1,2020-07-12,1
598,1,2020-07-11,2
599,1,2020-07-11,1
600,1,2020-07-12,1
601,1,2020-07-12,1
602,1,2020-07-11,1
603,1,2020-07-12,1
604,1,2020-07-11,1
605,1,2020-07-11,1
606,1,2020-07-11,1
607,0,2020-07-12,2
608,1,2020-07-11,2
609,1,2020-07-11,2
610,0,2020-07-11,1
611,1,2020-07-12,2
612,1,2020-07-11,1
613,1,2020-07-11,2
614,1,2020-07-11,1
615,1,2020-07-12,1
616,1,2020-07-11,2
617,1,2020-07-12,2
618,1,2020-07-12,1
619,1,2020-07-11,2
620,1,2020-07-11,2
621,1,2020-07-12,1
622,1,2020-07-11,2
623,1,2020-07-11,1
624,0,2020-07-11,2
625,1,2020-07-12,1
626,1,2020-07-11,2
627,1,2020-07-11,2
628,0,2020-07-11,1
629,0,2020-07-11,1
630,0,2020-07-12,2
631,1,2020-07-12,2
632,0,2020-07-11,1
633,0,2020-07-11,2
634,1,2020-07-12,1
635,1,2020-07-11,2
636,1,2020-07-12,1
637,1,2020-07-11,2
638,1,2020-07-12,1
639,1,2020-07-11,2
640,0,2020-07-11,1
641,1,2020-07-11,2
642,1,2020-07-12,2
643,1,2020-07-11,2
644,0,2020-07-11,2
645,1,2020-07-12,2
646,0,2020-07-11,1
647,0,2020-07-12,2
648,1,2020-07-11,1
649,1,2020-07-11,2
650,1,2020-07-11,2
651,1,2020-07-11,2
652,1,2020-07-12,1
653,1,2020-07-12,2
654,1,2020-07-12,1
655,1,2020-07-12,1
656,1,2020-07-12,2
657,1,2020-07-11,2
658,1,2020-07-12,1
659,1,2020-07-11,1
660,0,2020-07-11,2
661,1,2020-07-12,1
662,1,2020-07-11,1
663,1,2020-07-11,2
664,1,2020-07-12,1
665,1,2020-07-11,1
666,1,2020-07-11,2
667,1,2020-07-12,1
668,0,2020-07-11,2
669,1,2020-07-11,2
670,0,2020-07-11,2
671,1,2020-07-11,1
672,1,2020-07-12,2
673,1,2020-07-11,1
674,1,2020-07-12,2
675,1,2020-07-11,2
676,0,2020-07-12,1
677,1,2020-07-12,1
678,1,2020-07-11,2
679,0,2020-07-12,1
680,0,2020-07-12,2
681,1,2020-07-12,1
682,0,2020-07-12,1
683,0,2020-07-12,2
684,1,2020-07-11,1
685,1,2020-07-11,1
686,1,2020-07-12,2
687,1,2020-07-11,2
688,1,2020-07-11,1
689,0,2020-07-12,2
690,1,2020-07-12,2
691,1,2020-07-12,1
692,1,2020-07-11,2
693,1,2020-07-11,1
694,1,2020-07-12,1
695,1,2020-07-11,2
696,1,2020-07-11,2
697,1,2020-07-12,1
698,1,2020-07-11,1
699,1,2020-07-11,1
700,1,2020-07-11,2
701,0,2020-07-11,2
702,1,2020-07-11,1
703,1,2020-07-12,1
704,1,2020-07-11,1
705,1,2020-07-12,2
706,1,2020-07-11,1
707,1,2020-07-12,1
708,1,2020-07-12,2
709,1,2020-07-12,2
710,0,2020-07-12,2
711,1,2020-07-11,2
712,1,2020-07-11,2
713,0,2020-07-11,1
714,1,2020-07-11,2
715,0,2020-07-12,1
716,1,2020-07-12,2
717,1,2020-07-12,1
718,1,2020-07-12,1
719,1,2020-07-11,1
720,0,2020-07-12,1
721,1,2020-07-12,2
722,0,2020-07-11,1
723,1,2020-07-11,2
724,1,2020-07-11,1
725,1,2020-07-11,2
726,1,2020-07-12,1
727,0,2020-07-11,1
728,1,2020-07-11,1
729,0,2020-07-12,1
730,1,2020-07-12,1
731,1,2020-07-12,1
732,1,2020-07-11,2
733,1,2020-07-11,2
734,0,2020-07-12,1
735,1,2020-07-12,2
736,0,2020-07-12,1
737,1,2020-07-12,1
738,1,2020-07-11,1
739,0,2020-07-11,2
740,1,2020-07-11,1
741,1,2020-07-11,1
742,1,2020-07-11,1
743,0,2020-07-12,2
744,0,2020-07-11,2
745,1,2020-07-11,1
746,0,2020-07-12,2
747,1,2020-07-11,2
748,1,2020-07-12,1
749,1,2020-07-11,2
750,0,2020-07-12,2
751,1,2020-07-12,1
752,0,2020-07-12,2
753,1,2020-07-11,1
754,1,2020-07-11,2
755,1,2020-07-11,1
756,1,2020-07-11,2
757,1,2020-07-12,1
758,1,2020-07-11,2
759,1,2020-07-12,2
760,1,2020-07-12,2
761,1,2020-07-12,1
762,1,2020-07-11,2
763,1,2020-07-12,1
764,1,2020-07-12,1
765,1,2020-07-11,2
766,1,2020-07-12,2
767,0,2020-07-12,1
768,1,2020-07-12,1
769,1,2020-07-12,2
770,0,2020-07-11,2
771,0,2020-07-11,2
772,1,2020-07-11,1
773,1,2020-07-11,1
774,1,2020-07-12,1
775,1,2020-07-11,1
776,0,2020-07-11,1
777,1,2020-07-11,2
778,1,2020-07-11,2
779,0,2020-07-11,1
780,1,2020-07-11,2
781,0,2020-07-12,1
782,0,2020-07-12,1
783,0,2020-07-11,2
784,1,2020-07-11,1
785,1,2020-07-11,2
786,0,2020-07-12,1
787,1,2020-07-11,1
788,0,2020-07-12,2
789,1,2020-07-12,2
790,1,2020-07-11,1
791,1,2020-07-12,2
792,1,2020-07-11,2
793,1,2020-07-11,1
794,1,2020-07-11,2
795,0,2020-07-12,1
796,1,2020-07-12,1
797,1,2020-07-11,1
798,1,2020-07-12,2
799,1,2020-07-11,2
800,1,2020-07-12,2
801,1,2020-07-12,1
802,1,2020-07-11,2
803,1,2020-07-11,1
804,1,2020-07-12,2
805,1,2020-07-12,1
806,0,2020-07-12,2
807,0,2020-07-11,2
808,1,2020-07-12,1
809,1,2020-07-11,2
810,1,2020-07-11,2
811,1,2020-07-12,2
812,1,2020-07-11,1
813,0,2020-07-12,2
814,1,2020-07-11,1
815,1,2020-07-11,2
816,1,2020-07-11,1
817,0,2020-07-12,2
818,1,2020-07-11,1
819,1,2020-07-11,1
820,1,2020-07-11,1
821,1,2020-07-12,1
822,1,2020-07-12,1
823,1,2020-07-12,1
824,1,2020-07-12,1
825,1,2020-07-11,2
826,0,2020-07-11,2
827,1,2020-07-11,2
828,1,2020-07-12,2
829,1,2020-07-11,1
830,1,2020-07-12,1
831,0,2020-07-11,2
832,1,2020-07-12,1
833,0,2020-07-11,2
834,1,2020-07-11,1
835,1,2020-07-11,2
836,1,2020-07-11,1
837,1,2020-07-11,1
838,1,2020-07-11,1
839,1,2020-07-11,1
840,0,2020-07-12,1
841,1,2020-07-11,1
842,1,2020-07-11,1
843,1,2020-07-12,1
844,1,2020-07-11,2
845,1,2020-07-12,2
846,1,2020-07-12,1
847,1,2020-07-12,2
848,1,2020-07-11,1
849,1,2020-07-11,2
850,1,2020-07-11,2
851,1,2020-07-12,2
852,1,2020-07-12,2
853,1,2020-07-12,1
854,1,2020-07-11,1
855,1,2020-07-11,2
856,0,2020-07-12,1
857,1,2020-07-12,1
858,1,2020-07-12,1
859,1,2020-07-11,2
860,1,2020-07-12,1
861,1,2020-07-11,2
862,1,2020-07-11,2
863,1,2020-07-12,1
864,1,2020-07-12,2
865,1,2020-07-12,2
866,1,2020-07-12,1
867,0,2020-07-12,1
868,1,2020-07-12,1
869,1,2020-07-11,2
870,1,2020-07-12,2
871,1,2020-07-11,1
872,1,2020-07-11,1
873,1,2020-07-12,1
874,1,2020-07-11,2
875,1,2020-07-12,1
876,0,2020-07-11,1
877,1,2020-07-11,1
878,1,2020-07-12,1
879,1,2020-07-12,2
880,1,2020-07-12,1
881,1,2020-07-12,2
882,1,2020-07-12,2
883,1,2020-07-11,2
884,1,2020-07-11,1
885,1,2020-07-11,1
886,0,2020-07-12,1
887,1,2020-07-11,1
888,1,2020-07-12,2
889,1,2020-07-12,1
890,1,2020-07-12,2
891,1,2020-07-11,1
892,1,2020-07-11,2
893,1,2020-07-12,1
894,1,2020-07-12,1
895,1,2020-07-12,1
896,0,2020-07-11,2
897,1,2020-07-12,1
898,1,2020-07-12,2
899,1,2020-07-12,1
900,1,2020-07-12,1
901,0,2020-07-11,1
902,0,2020-07-11,1
903,1,2020-07-11,2
904,1,2020-07-11,1
905,1,2020-07-11,2
906,0,2020-07-11,1
907,1,2020-07-11,1
908,1,2020-07-12,1
909,1,2020-07-11,1
910,0,2020-07-12,2
911,1,2020-07-12,2
912,0,2020-07-12,2
913,1,2020-07-11,1
914,1,2020-07-11,1
915,1,2020-07-11,2
916,1,2020-07-12,2
917,0,2020-07-11,2
918,1,2020-07-11,2
919,0,2020-07-12,2
920,1,2020-07-11,1
921,1,2020-07-12,1
922,1,2020-07-11,2
923,1,2020-07-11,2
924,0,2020-07-11,1
925,1,2020-07-11,1
926,1,2020-07-11,1
927,1,2020-07-11,2
928,1,2020-07-11,1
929,1,2020-07-12,1
930,1,2020-07-11,1
931,0,2020-07-11,1
932,1,2020-07-12,2
933,1,2020-07-11,2
934,0,2020-07-12,2
935,1,2020-07-11,1
936,0,2020-07-11,2
937,1,2020-07-11,2
938,1,2020-07-12,1
939,0,2020-07-11,2
940,1,2020-07-11,2
941,1,2020-07-12,1
942,1,2020-07-11,2
943,1,2020-07-12,2
944,1,2020-07-12,2
945,1,2020-07-11,1
946,1,2020-07-11,2
947,1,2020-07-11,1
948,1,2020-07-12,1
949,1,2020-07-11,2
950,1,2020-07-11,2
951,1,2020-07-11,1
952,1,2020-07-12,2
953,1,2020-07-12,2
954,1,2020-07-11,1
955,1,2020-07-11,1
956,1,2020-07-11,2
957,1,2020-07-12,1
958,0,2020-07-11,1
959,1,2020-07-11,2
960,1,2020-07-11,1
961,1,2020-07-11,2
962,1,2020-07-12,1
963,1,2020-07-11,2
964,1,2020-07-12,2
965,1,2020-07-12,1
966,1,2020-07-11,1
967,1,2020-07-11,1
968,1,2020-07-11,1
969,1,2020-07-11,1
970,1,2020-07-12,2
971,1,2020-07-11,1
972,0,2020-07-11,1
973,0,2020-07-12,1
974,1,2020-07-12,2
975,1,2020-07-11,1
976,1,2020-07-11,2
977,1,2020-07-11,1
978,1,2020-07-11,1
979,1,2020-07-11,2
980,1,2020-07-11,1
981,1,2020-07-11,2
982,1,2020-07-12,2
983,1,2020-07-12,2
984,1,2020-07-12,1
985,1,2020-07-12,1
986,1,2020-07-12,1
987,1,2020-07-12,1
988,0,2020-07-12,1
989,1,2020-07-11,1
990,1,2020-07-11,1
991,1,2020-07-11,2
992,1,2020-07-12,2
993,0,2020-07-12,2
994,1,2020-07-12,1
995,1,2020-07-12,1
996,1,2020-07-12,2
997,0,2020-07-12,1
998,1,2020-07-11,2
999,1,2020-07-12,1
1000,1,2020-07-12,2
1001,1,2020-07-11,1
1002,1,2020-07-11,2
1003,0,2020-07-12,1
1004,1,2020-07-11,1
1005,1,2020-07-11,2
1006,0,2020-07-12,2
1007,0,2020-07-12,1
1008,1,2020-07-12,1
1009,1,2020-07-11,2
1010,1,2020-07-12,2
1011,1,2020-07-11,2
1012,1,2020-07-11,2
1013,1,2020-07-12,1
1014,1,2020-07-12,1
1015,1,2020-07-12,1
1016,0,2020-07-12,2
1017,1,2020-07-12,2
1018,0,2020-07-11,1
1019,0,2020-07-11,2
1020,1,2020-07-12,2
1021,1,2020-07-12,2
1022,0,2020-07-12,1
1023,1,2020-07-11,2
1024,1,2020-07-11,2
1025,1,2020-07-12,2
1026,1,2020-07-11,2
1027,0,2020-07-12,2
1028,1,2020-07-11,1
1029,1,2020-07-11,1
1030,0,2020-07-12,1
1031,1,2020-07-11,2
1032,1,2020-07-11,2
1033,1,2020-07-11,2
1034,1,2020-07-11,2
1035,1,2020-07-11,1
1036,1,2020-07-12,1
1037,1,2020-07-11,2
1038,1,2020-07-11,1
1039,1,2020-07-11,1
1040,0,2020-07-12,1
1041,1,2020-07-11,1
1042,1,2020-07-12,2
1043,1,2020-07-12,1
1044,1,2020-07-12,1
1045,1,2020-07-11,2
1046,1,2020-07-12,1
1047,1,2020-07-11,2
1048,1,2020-07-12,2
1049,1,2020-07-11,1
1050,1,2020-07-12,2
1051,1,2020-07-11,2
1052,1,2020-07-12,2
1053,1,2020-07-11,2
1054,1,2020-07-12,2
1055,1,2020-07-12,2
1056,1,2020-07-12,1
1057,1,2020-07-11,1
1058,1,2020-07-11,2
1059,1,2020-07-12,1
1060,0,2020-07-12,2
1061,0,2020-07-11,1
1062,1,2020-07-11,2
1063,1,2020-07-11,1
1064,1,2020-07-12,2
1065,1,2020-07-12,2
1066,0,2020-07-12,1
1067,0,2020-07-11,1
1068,1,2020-07-12,2
1069,0,2020-07-12,1
1070,1,2020-07-12,2
1071,1,2020-07-11,2
1072,1,2020-07-11,2
1073,0,2020-07-11,1
1074,1,2020-07-12,2
1075,1,2020-07-12,1
1076,0,2020-07-11,2
1077,1,2020-07-12,2
1078,1,2020-07-12,1
1079,0,2020-07-11,2
1080,1,2020-07-11,2
1081,0,2020-07-11,1
1082,0,2020-07-11,2
1083,1,2020-07-11,2
1084,0,2020-07-11,1
1085,1,2020-07-11,2
1086,0,2020-07-12,1
1087,0,2020-07-11,1
1088,0,2020-07-12,1
1089,1,2020-07-11,1
1090,1,2020-07-11,2
1091,1,2020-07-12,1
1092,1,2020-07-12,2
1093,0,2020-07-11,2
1094,1,2020-07-11,2
1095,1,2020-07-12,2
1096,1,2020-07-12,2
1097,1,2020-07-11,1
1098,1,2020-07-11,1
1099,0,2020-07-11,1
1100,1,2020-07-11,2
1101,1,2020-07-12,2
1102,1,2020-07-11,1
1103,1,2020-07-12,1
1104,1,2020-07-11,1
1105,0,2020-07-12,2
1106,1,2020-07-12,1
1107,1,2020-07-11,2
1108,1,2020-07-11,1
1109,1,2020-07-12,1
1110,0,2020-07-11,1
1111,1,2020-07-11,2
1112,1,2020-07-12,1
1113,1,2020-07-11,1
1114,1,2020-07-11,1
1115,1,2020-07-12,2
1116,1,2020-07-11,2
1117,0,2020-07-12,1
1118,0,2020-07-12,2
1119,1,2020-07-11,1
1120,1,2020-07-11,2
1121,1,2020-07-12,2
1122,1,2020-07-11,1
1123,1,2020-07-12,2
1124,0,2020-07-12,1
1125,1,2020-07-12,1
1126,0,2020-07-12,1
1127,1,2020-07-11,1
1128,1,2020-07-12,1
1129,1,2020-07-11,1
1130,1,2020-07-12,1
1131,1,2020-07-12,1
1132,0,2020-07-12,2
1133,0,2020-07-11,1
1134,0,2020-07-12,2
1135,1,2020-07-11,2
1136,1,2020-07-12,1
1137,1,2020-07-12,2
1138,1,2020-07-12,2
1139,1,2020-07-12,1
1140,1,2020-07-11,1
1141,1,2020-07-12,2
1142,1,2020-07-11,2
1143,1,2020-07-12,1
1144,1,2020-07-11,2
1145,1,2020-07-11,2
1146,1,2020-07-12,2
1147,0,2020-07-12,1
1148,0,2020-07-11,1
1149,1,2020-07-11,1
1150,1,2020-07-11,2
1151,1,2020-07-12,1
1152,1,2020-07-12,2
1153,1,2020-07-12,2
1154,1,2020-07-11,1
1155,1,2020-07-12,2
1156,1,2020-07-12,1
1157,1,2020-07-11,2
1158,1,2020-07-12,2
1159,1,2020-07-12,2
1160,1,2020-07-12,1
1161,1,2020-07-11,1
1162,1,2020-07-12,1
1163,1,2020-07-12,2
1164,1,2020-07-11,1
1165,0,2020-07-11,2
1166,1,2020-07-12,1
1167,1,2020-07-11,1
1168,0,2020-07-12,1
1169,1,2020-07-12,1
1170,1,2020-07-11,1
1171,1,2020-07-12,2
1172,1,2020-07-12,1
1173,0,2020-07-11,2
1174,1,2020-07-12,1
1175,1,2020-07-11,2
1176,1,2020-07-11,1
1177,1,2020-07-11,2
1178,1,2020-07-12,1
1179,1,2020-07-11,1
1180,1,2020-07-11,2
1181,0,2020-07-12,1
1182,0,2020-07-12,2
1183,1,2020-07-11,2
1184,1,2020-07-11,2
1185,1,2020-07-11,1
1186,1,2020-07-11,1
1187,1,2020-07-12,2
1188,1,2020-07-12,2
1189,1,2020-07-12,2
1190,1,2020-07-12,2
1191,1,2020-07-11,2
1192,1,2020-07-12,1
1193,1,2020-07-12,1
1194,1,2020-07-11,2
1195,1,2020-07-12,1
1196,0,2020-07-11,2
1197,1,2020-07-11,2
1198,1,2020-07-12,2
1199,1,2020-07-11,1
1200,1,2020-07-11,2
1201,1,2020-07-12,2
1202,0,2020-07-11,1
1203,1,2020-07-12,1
1204,1,2020-07-11,1
1205,0,2020-07-12,1
1206,0,2020-07-12,2
1207,1,2020-07-11,2
1208,1,2020-07-12,1
1209,1,2020-07-12,2
1210,0,2020-07-11,2
1211,1,2020-07-12,2
1212,1,2020-07-11,1
1213,1,2020-07-12,2
1214,0,2020-07-12,1
1215,0,2020-07-12,1
1216,1,2020-07-12,1
1217,0,2020-07-11,2
1218,0,2020-07-12,2
1219,0,2020-07-11,1
1220,1,2020-07-11,1
1221,1,2020-07-11,1
1222,1,2020-07-12,1
1223,1,2020-07-11,2
1224,1,2020-07-11,1
1225,1,2020-07-11,2
1226,1,2020-07-12,2
1227,0,2020-07-12,2
1228,1,2020-07-11,2
1229,1,2020-07-12,1
1230,1,2020-07-12,1
1231,1,2020-07-12,1
1232,1,2020-07-12,1
1233,1,2020-07-12,1
1234,0,2020-07-11,2
1235,1,2020-07-11,2
1236,1,2020-07-12,1
1237,1,2020-07-12,2
1238,0,2020-07-12,2
1239,1,2020-07-11,1
1240,0,2020-07-11,2
1241,1,2020-07-12,2
1242,1,2020-07-12,1
1243,0,2020-07-12,2
1244,1,2020-07-12,1
1245,1,2020-07-11,2
1246,1,2020-07-11,1
1247,0,2020-07-11,2
1248,1,2020-07-11,2
1249,1,2020-07-12,1
1250,1,2020-07-11,1
1251,1,2020-07-11,2
1252,1,2020-07-12,2
1253,1,2020-07-11,2
1254,1,2020-07-11,2
1255,1,2020-07-11,2
1256,1,2020-07-11,2
1257,1,2020-07-11,1
1258,1,2020-07-12,2
1259,1,2020-07-12,1
1260,1,2020-07-12,1
1261,1,2020-07-12,1
1262,1,2020-07-12,2
1263,1,2020-07-12,1
1264,1,2020-07-11,1
1265,1,2020-07-12,1
1266,1,2020-07-11,2
1267,1,2020-07-12,2
1268,1,2020-07-12,1
1269,0,2020-07-12,2
1270,0,2020-07-12,1
1271,1,2020-07-11,2
1272,1,2020-07-12,1
1273,1,2020-07-12,1
1274,1,2020-07-11,1
1275,1,2020-07-11,1
1276,0,2020-07-11,1
1277,1,2020-07-12,2
1278,1,2020-07-12,1
1279,1,2020-07-11,2
1280,1,2020-07-12,2
1281,1,2020-07-11,2
1282,0,2020-07-11,1
1283,1,2020-07-11,1
1284,1,2020-07-11,2
1285,1,2020-07-11,2
1286,1,2020-07-11,1
1287,1,2020-07-12,1
1288,1,2020-07-11,2
1289,1,2020-07-12,2
1290,1,2020-07-12,2
1291,1,2020-07-12,2
1292,1,2020-07-12,2
1293,1,2020-07-11,2
1294,1,2020-07-12,1
1295,1,2020-07-11,2
1296,1,2020-07-11,1
1297,1,2020-07-12,1
1298,1,2020-07-12,2
1299,0,2020-07-12,1
1300,1,2020-07-11,1
1301,1,2020-07-11,1
1302,0,2020-07-12,2
1303,0,2020-07-11,1
1304,1,2020-07-11,1
1305,1,2020-07-11,1
1306,1,2020-07-11,2
1307,1,2020-07-11,1
1308,1,2020-07-12,2
1309,1,2020-07-12,1
1310,1,2020-07-12,2
1311,1,2020-07-11,2
1312,1,2020-07-12,1
1313,1,2020-07-12,1
1314,0,2020-07-11,2
1315,1,2020-07-12,1
1316,1,2020-07-11,2
1317,1,2020-07-11,2
1318,0,2020-07-12,1
1319,1,2020-07-11,2
1320,1,2020-07-12,2
1321,1,2020-07-11,1
1322,0,2020-07-12,1
1323,1,2020-07-12,1
1324,1,2020-07-12,2
1325,1,2020-07-12,2
1326,1,2020-07-11,2
1327,1,2020-07-11,2
1328,1,2020-07-11,1
1329,0,2020-07-12,2
1330,1,2020-07-12,1
1331,1,2020-07-11,2
1332,0,2020-07-11,1
1333,0,2020-07-11,2
1334,1,2020-07-12,2
1335,0,2020-07-12,2
1336,1,2020-07-12,2
1337,1,2020-07-11,2
1338,1,2020-07-11,2
1339,1,2020-07-11,1
1340,1,2020-07-11,2
1341,0,2020-07-11,1
1342,1,2020-07-11,2
1343,1,2020-07-12,1
1344,1,2020-07-11,2
1345,1,2020-07-12,2
1346,1,2020-07-11,2
1347,1,2020-07-12,1
1348,1,2020-07-12,2
1349,0,2020-07-12,2
1350,0,2020-07-12,2
1351,1,2020-07-11,2
1352,1,2020-07-11,2
1353,1,2020-07-11,1
1354,1,2020-07-12,2
1355,0,2020-07-11,1
1356,1,2020-07-12,2
1357,1,2020-07-12,2
1358,0,2020-07-11,2
1359,0,2020-07-12,1
1360,1,2020-07-12,1
1361,1,2020-07-11,2
1362,0,2020-07-11,2
1363,1,2020-07-11,2
1364,1,2020-07-12,2
1365,1,2020-07-11,2
1366,1,2020-07-12,2
1367,1,2020-07-11,1
1368,1,2020-07-11,1
1369,1,2020-07-11,2
1370,1,2020-07-12,1
1371,1,2020-07-12,1
1372,1,2020-07-11,1
1373,0,2020-07-12,1
1374,0,2020-07-12,1
1375,1,2020-07-11,1
1376,1,2020-07-12,2
1377,1,2020-07-11,2
1378,1,2020-07-11,2
1379,1,2020-07-11,2
1380,0,2020-07-12,2
1381,1,2020-07-12,1
1382,0,2020-07-12,2
1383,1,2020-07-12,2
1384,1,2020-07-12,2
1385,1,2020-07-11,1
1386,1,2020-07-12,2
1387,1,2020-07-12,1
1388,1,2020-07-12,2
1389,1,2020-07-12,2
1390,1,2020-07-11,1
1391,1,2020-07-12,2
1392,0,2020-07-12,1
1393,1,2020-07-12,1
1394,1,2020-07-12,1
1395,1,2020-07-11,2
1396,1,2020-07-11,1
1397,1,2020-07-12,2
1398,1,2020-07-12,2
1399,0,2020-07-11,2
1400,0,2020-07-11,1
1401,1,2020-07-12,2
1402,1,2020-07-11,2
1403,1,2020-07-11,2
1404,1,2020-07-12,1
1405,1,2020-07-12,1
1406,0,2020-07-11,2
1407,1,2020-07-11,1
1408,1,2020-07-11,2
1409,1,2020-07-12,1
1410,1,2020-07-12,2
1411,0,2020-07-11,1
1412,1,2020-07-12,2
1413,1,2020-07-11,2
1414,0,2020-07-12,1
1415,1,2020-07-12,1
1416,1,2020-07-12,1
1417,1,2020-07-11,2
1418,1,2020-07-11,2
1419,1,2020-07-12,2
1420,1,2020-07-11,2
1421,1,2020-07-11,1
1422,0,2020-07-12,1
1423,0,2020-07-12,1
1424,0,2020-07-11,2
1425,0,2020-07-11,1
1426,1,2020-07-11,2
1427,1,2020-07-12,2
1428,1,2020-07-12,1
1429,1,2020-07-12,1
1430,1,2020-07-11,1
1431,1,2020-07-11,1
1432,1,2020-07-11,1
1433,1,2020-07-11,2
1434,1,2020-07-11,2
1435,1,2020-07-11,2
1436,1,2020-07-12,2
1437,1,2020-07-11,1
1438,1,2020-07-12,2
1439,1,2020-07-11,2
1440,1,2020-07-11,2
1441,1,2020-07-12,2
1442,1,2020-07-11,2
1443,1,2020-07-11,1
1444,1,2020-07-11,2
1445,1,2020-07-12,1
1446,1,2020-07-12,1
1447,1,2020-07-12,1
1448,0,2020-07-11,1
1449,1,2020-07-12,2
1450,1,2020-07-11,1
1451,1,2020-07-11,1
1452,1,2020-07-11,1
1453,0,2020-07-11,1
1454,1,2020-07-12,2
1455,1,2020-07-11,1
1456,1,2020-07-12,2
1457,1,2020-07-11,2
1458,1,2020-07-12,1
1459,1,2020-07-12,1
1460,1,2020-07-12,1
1461,1,2020-07-12,1
1462,1,2020-07-12,1
1463,0,2020-07-12,2
1464,0,2020-07-12,2
1465,1,2020-07-11,1
1466,1,2020-07-12,2
1467,1,2020-07-11,1
1468,1,2020-07-11,1
1469,1,2020-07-12,2
1470,1,2020-07-12,2
1471,1,2020-07-11,1
1472,1,2020-07-12,2
1473,1,2020-07-11,2
1474,0,2020-07-11,2
1475,1,2020-07-11,1
1476,1,2020-07-11,2
1477,1,2020-07-12,2
1478,1,2020-07-11,1
1479,1,2020-07-12,1
1480,0,2020-07-11,2
1481,0,2020-07-11,2
1482,1,2020-07-12,2
1483,1,2020-07-11,1
1484,1,2020-07-12,2
1485,1,2020-07-11,2
1486,0,2020-07-11,2
1487,0,2020-07-11,2
1488,1,2020-07-11,2
1489,0,2020-07-12,1
1490,1,2020-07-12,2
1491,0,2020-07-12,2
1492,0,2020-07-12,2
1493,1,2020-07-12,2
1494,1,2020-07-12,1
1495,1,2020-07-12,1
1496,1,2020-07-12,1
1497,0,2020-07-12,1
1498,1,2020-07-12,1
1499,1,2020-07-12,2
1500,1,2020-07-12,2
1501,1,2020-07-11,2
1502,1,2020-07-12,1
1503,1,2020-07-11,2
1504,1,2020-07-12,2
1505,1,2020-07-12,1
1506,1,2020-07-11,2
1507,1,2020-07-12,2
1508,1,2020-07-12,2
1509,1,2020-07-11,2
1510,1,2020-07-12,2
1511,1,2020-07-11,2
1512,1,2020-07-12,1
1513,1,2020-07-11,1
1514,0,2020-07-12,2
1515,1,2020-07-11,2
1516,1,2020-07-11,1
1517,1,2020-07-12,1
1518,1,2020-07-11,1
1519,1,2020-07-11,2
1520,1,2020-07-12,2
1521,1,2020-07-12,1
1522,1,2020-07-12,1
1523,1,2020-07-11,2
1524,1,2020-07-11,1
1525,1,2020-07-11,1
1526,1,2020-07-12,2
1527,1,2020-07-11,2
1528,1,2020-07-12,1
1529,1,2020-07-12,2
1530,1,2020-07-11,2
1531,1,2020-07-11,1
1532,0,2020-07-11,1
1533,1,2020-07-11,1
1534,0,2020-07-12,1
1535,1,2020-07-12,2
1536,1,2020-07-11,2
1537,0,2020-07-12,2
1538,1,2020-07-12,2
1539,1,2020-07-11,1
1540,1,2020-07-11,2
1541,1,2020-07-11,1
1542,1,2020-07-11,2
1543,1,2020-07-12,2
1544,0,2020-07-12,1
1545,1,2020-07-12,1
1546,0,2020-07-12,1
1547,1,2020-07-11,2
1548,1,2020-07-12,1
1549,1,2020-07-12,1
1550,1,2020-07-11,2
1551,1,2020-07-11,1
1552,1,2020-07-11,2
1553,0,2020-07-12,2
1554,1,2020-07-12,1
1555,1,2020-07-12,1
1556,1,2020-07-12,2
1557,1,2020-07-12,1
1558,1,2020-07-11,1
1559,1,2020-07-12,2
1560,0,2020-07-12,2
1561,0,2020-07-11,1
1562,1,2020-07-12,2
1563,0,2020-07-11,2
1564,1,2020-07-11,2
1565,1,2020-07-12,2
1566,1,2020-07-11,1
1567,0,2020-07-12,2
1568,1,2020-07-11,2
1569,1,2020-07-11,2
1570,1,2020-07-11,2
1571,1,2020-07-11,1
1572,1,2020-07-11,2
1573,1,2020-07-11,2
1574,1,2020-07-11,1
1575,1,2020-07-11,2
1576,1,2020-07-12,1
1577,1,2020-07-11,1
1578,1,2020-07-12,2
1579,1,2020-07-11,2
1580,1,2020-07-12,1
1581,1,2020-07-12,2
1582,0,2020-07-12,2
1583,1,2020-07-11,2
1584,1,2020-07-11,1
1585,1,2020-07-12,2
1586,1,2020-07-11,1
1587,1,2020-07-12,1
1588,1,2020-07-11,1
1589,1,2020-07-11,2
1590,1,2020-07-12,1
1591,1,2020-07-11,1
1592,1,2020-07-12,1
1593,0,2020-07-12,2
1594,1,2020-07-11,2
1595,0,2020-07-12,2
1596,1,2020-07-12,1
1597,1,2020-07-12,1
1598,1,2020-07-12,1
1599,1,2020-07-11,1
1600,1,2020-07-11,1
1601,0,2020-07-11,2
1602,1,2020-07-11,1
1603,0,2020-07-12,1
1604,0,2020-07-12,2
1605,1,2020-07-12,2
1606,1,2020-07-12,2
1607,1,2020-07-11,1
1608,1,2020-07-11,1
1609,0,2020-07-11,2
1610,1,2020-07-11,2
1611,1,2020-07-12,2
1612,1,2020-07-12,1
1613,1,2020-07-11,1
1614,0,2020-07-11,2
1615,0,2020-07-12,2
1616,1,2020-07-12,1
1617,1,2020-07-11,2
1618,0,2020-07-12,1
1619,1,2020-07-12,1
1620,1,2020-07-11,1
1621,1,2020-07-12,2
1622,0,2020-07-12,1
1623,1,2020-07-11,2
1624,1,2020-07-12,1
1625,1,2020-07-11,1
1626,1,2020-07-12,1
1627,1,2020-07-11,1
1628,1,2020-07-11,2
1629,0,2020-07-12,1
1630,1,2020-07-11,1
1631,0,2020-07-12,1
1632,1,2020-07-12,2
1633,1,2020-07-11,2
1634,1,2020-07-11,2
1635,1,2020-07-11,2
1636,1,2020-07-11,2
1637,1,2020-07-11,2
1638,0,2020-07-11,2
1639,1,2020-07-12,1
1640,1,2020-07-11,2
1641,0,2020-07-12,1
1642,0,2020-07-12,1
1643,0,2020-07-11,1
1644,1,2020-07-11,2
1645,1,2020-07-12,2
1646,1,2020-07-11,2
1647,0,2020-07-11,2
1648,0,2020-07-12,1
1649,1,2020-07-12,1
1650,1,2020-07-12,1
1651,1,2020-07-11,2
1652,0,2020-07-11,2
1653,0,2020-07-12,2
1654,0,2020-07-11,1
1655,1,2020-07-11,1
1656,1,2020-07-12,2
1657,1,2020-07-11,2
1658,1,2020-07-12,1
1659,1,2020-07-12,1
1660,1,2020-07-12,2
1661,0,2020-07-12,1
1662,1,2020-07-11,2
1663,1,2020-07-12,2
1664,1,2020-07-11,2
1665,0,2020-07-12,2
1666,0,2020-07-11,2
1667,1,2020-07-11,1
1668,1,2020-07-12,1
1669,1,2020-07-12,1
1670,0,2020-07-11,2
1671,1,2020-07-11,2
1672,1,2020-07-11,2
1673,1,2020-07-11,2
1674,1,2020-07-11,1
1675,1,2020-07-12,1
1676,1,2020-07-11,2
1677,0,2020-07-11,1
1678,1,2020-07-11,2
1679,0,2020-07-11,2
1680,1,2020-07-12,1
1681,0,2020-07-12,1
1682,1,2020-07-11,2
1683,0,2020-07-11,2
1684,1,2020-07-12,2
1685,0,2020-07-12,1
1686,0,2020-07-12,2
1687,1,2020-07-11,1
1688,0,2020-07-11,2
1689,1,2020-07-12,1
1690,1,2020-07-11,2
1691,1,2020-07-11,2
1692,0,2020-07-12,2
1693,1,2020-07-12,1
1694,1,2020-07-12,1
1695,1,2020-07-11,2
1696,1,2020-07-11,1
1697,1,2020-07-11,2
1698,1,2020-07-11,2
1699,0,2020-07-11,2
1700,1,2020-07-11,2
1701,1,2020-07-11,1
1702,1,2020-07-11,2
1703,1,2020-07-11,2
1704,1,2020-07-12,2
1705,0,2020-07-12,2
1706,1,2020-07-12,1
1707,1,2020-07-12,2
1708,1,2020-07-12,1
1709,1,2020-07-12,2
1710,1,2020-07-12,2
1711,1,2020-07-11,1
1712,0,2020-07-12,1
1713,0,2020-07-12,1
1714,1,2020-07-11,1
1715,1,2020-07-12,1
1716,1,2020-07-11,1
1717,0,2020-07-11,1
1718,1,2020-07-12,2
1719,1,2020-07-12,2
1720,1,2020-07-11,2
1721,1,2020-07-12,2
1722,1,2020-07-11,1
1723,1,2020-07-11,2
1724,1,2020-07-12,1
1725,1,2020-07-11,2
1726,1,2020-07-11,1
1727,0,2020-07-11,1
1728,1,2020-07-12,1
1729,1,2020-07-12,1
1730,1,2020-07-12,1
1731,1,2020-07-11,1
1732,0,2020-07-11,1
1733,0,2020-07-12,1
1734,1,2020-07-11,1
1735,0,2020-07-11,1
1736,1,2020-07-11,1
1737,1,2020-07-11,1
1738,0,2020-07-12,1
1739,1,2020-07-11,1
1740,1,2020-07-12,2
1741,1,2020-07-11,2
1742,1,2020-07-11,2
1743,1,2020-07-11,1
1744,1,2020-07-11,2
1745,1,2020-07-11,2
1746,1,2020-07-12,2
1747,1,2020-07-12,1
1748,1,2020-07-11,1
1749,1,2020-07-12,2
1750,1,2020-07-11,1
1751,0,2020-07-12,2
1752,0,2020-07-11,1
1753,1,2020-07-12,2
1754,0,2020-07-12,2
1755,1,2020-07-12,2
1756,1,2020-07-12,1
1757,1,2020-07-12,1
1758,0,2020-07-12,1
1759,1,2020-07-12,1
1760,1,2020-07-12,2
1761,0,2020-07-11,1
1762,1,2020-07-12,1
1763,1,2020-07-11,1
1764,1,2020-07-12,2
1765,1,2020-07-11,2
1766,0,2020-07-12,1
1767,0,2020-07-11,2
1768,1,2020-07-11,1
1769,1,2020-07-11,1
1770,1,2020-07-11,1
1771,0,2020-07-11,2
1772,1,2020-07-11,2
1773,1,2020-07-12,1
1774,1,2020-07-12,1
1775,1,2020-07-12,1
1776,0,2020-07-11,2
1777,1,2020-07-11,1
1778,1,2020-07-12,1
1779,1,2020-07-12,2
1780,1,2020-07-12,2
1781,1,2020-07-12,1
1782,0,2020-07-12,2
1783,1,2020-07-12,1
1784,1,2020-07-12,1
1785,1,2020-07-11,2
1786,1,2020-07-11,1
1787,1,2020-07-12,2
1788,1,2020-07-12,1
1789,1,2020-07-11,2
1790,1,2020-07-11,2
1791,1,2020-07-12,1
1792,1,2020-07-12,1
1793,1,2020-07-12,1
1794,1,2020-07-11,2
1795,1,2020-07-11,2
1796,1,2020-07-12,2
1797,1,2020-07-12,2
1798,1,2020-07-12,2
1799,1,2020-07-12,1
1800,1,2020-07-11,2
1801,1,2020-07-11,2
1802,1,2020-07-12,2
1803,1,2020-07-11,1
1804,0,2020-07-11,1
1805,0,2020-07-12,2
1806,1,2020-07-11,2
1807,1,2020-07-12,1
1808,1,2020-07-11,1
1809,1,2020-07-12,2
1810,0,2020-07-12,1
1811,1,2020-07-12,2
1812,0,2020-07-12,2
1813,1,2020-07-12,1
1814,1,2020-07-11,1
1815,1,2020-07-11,2
1816,1,2020-07-11,1
1817,1,2020-07-12,1
1818,1,2020-07-12,1
1819,1,2020-07-11,1
1820,0,2020-07-12,1
1821,0,2020-07-12,2
1822,1,2020-07-11,2
1823,1,2020-07-11,2
1824,1,2020-07-11,1
1825,1,2020-07-12,2
1826,1,2020-07-12,2
1827,1,2020-07-12,2
1828,0,2020-07-12,2
1829,1,2020-07-12,1
1830,0,2020-07-12,1
1831,1,2020-07-12,1
1832,1,2020-07-12,2
1833,0,2020-07-11,2
1834,1,2020-07-11,2
1835,1,2020-07-11,1
1836,1,2020-07-11,2
1837,1,2020-07-11,1
1838,1,2020-07-12,1
1839,0,2020-07-12,2
1840,1,2020-07-11,2
1841,1,2020-07-11,2
1842,0,2020-07-11,1
1843,1,2020-07-11,2
1844,1,2020-07-12,1
1845,1,2020-07-12,1
1846,1,2020-07-11,1
1847,1,2020-07-11,1
1848,1,2020-07-12,1
1849,1,2020-07-12,1
1850,1,2020-07-12,2
1851,0,2020-07-12,1
1852,1,2020-07-12,1
1853,1,2020-07-11,2
1854,1,2020-07-12,1
1855,1,2020-07-12,2
1856,1,2020-07-12,2
1857,0,2020-07-11,2
1858,0,2020-07-11,2
1859,1,2020-07-11,1
1860,1,2020-07-11,2
1861,0,2020-07-11,1
1862,1,2020-07-12,2
1863,1,2020-07-12,1
1864,1,2020-07-12,2
1865,1,2020-07-12,2
1866,1,2020-07-11,1
1867,0,2020-07-12,2
1868,1,2020-07-12,1
1869,0,2020-07-12,1
1870,1,2020-07-11,1
1871,1,2020-07-11,1
1872,1,2020-07-11,2
1873,1,2020-07-12,1
1874,1,2020-07-11,2
1875,1,2020-07-12,2
1876,1,2020-07-12,1
1877,1,2020-07-12,2
1878,1,2020-07-12,1
1879,0,2020-07-11,2
1880,1,2020-07-11,2
1881,0,2020-07-11,1
1882,1,2020-07-12,1
1883,1,2020-07-11,1
1884,1,2020-07-11,2
1885,1,2020-07-11,2
1886,1,2020-07-12,2
1887,1,2020-07-11,2
1888,1,2020-07-11,2
1889,1,2020-07-11,2
1890,1,2020-07-12,1
1891,0,2020-07-12,1
1892,1,2020-07-11,1
1893,1,2020-07-11,2
1894,1,2020-07-11,1
1895,0,2020-07-11,2
1896,1,2020-07-11,2
1897,0,2020-07-11,2
1898,1,2020-07-11,1
1899,1,2020-07-12,1
1900,0,2020-07-12,1
1901,1,2020-07-11,2
1902,1,2020-07-12,1
1903,1,2020-07-11,2
1904,1,2020-07-11,2
1905,1,2020-07-12,1
1906,1,2020-07-12,1
1907,1,2020-07-12,2
1908,1,2020-07-11,2
1909,1,2020-07-12,2
1910,0,2020-07-11,2
1911,1,2020-07-12,1
1912,1,2020-07-12,1
1913,1,2020-07-12,2
1914,1,2020-07-12,1
1915,1,2020-07-11,1
1916,1,2020-07-11,2
1917,1,2020-07-12,2
1918,0,2020-07-11,1
1919,1,2020-07-11,1
1920,1,2020-07-11,2
1921,1,2020-07-11,2
1922,1,2020-07-11,1
1923,1,2020-07-12,2
1924,1,2020-07-12,2
1925,1,2020-07-12,1
1926,1,2020-07-11,2
1927,0,2020-07-11,2
1928,1,2020-07-12,2
1929,0,2020-07-11,1
1930,0,2020-07-11,1
1931,1,2020-07-12,2
1932,1,2020-07-12,2
1933,1,2020-07-12,2
1934,1,2020-07-11,2
1935,1,2020-07-12,1
1936,1,2020-07-12,1
1937,0,2020-07-12,1
1938,1,2020-07-12,2
1939,0,2020-07-11,2
1940,1,2020-07-11,1
1941,0,2020-07-12,2
1942,1,2020-07-12,2
1943,1,2020-07-12,1
1944,1,2020-07-11,2
1945,1,2020-07-11,2
1946,1,2020-07-12,1
1947,1,2020-07-12,1
1948,1,2020-07-12,1
1949,0,2020-07-12,2
1950,1,2020-07-11,1
1951,1,2020-07-12,2
1952,1,2020-07-12,2
1953,1,2020-07-11,2
1954,1,2020-07-12,1
1955,1,2020-07-11,1
1956,0,2020-07-11,1
1957,1,2020-07-12,1
1958,0,2020-07-12,2
1959,1,2020-07-11,2
1960,1,2020-07-12,1
1961,0,2020-07-11,2
1962,1,2020-07-11,1
1963,0,2020-07-11,1
1964,1,2020-07-12,2
1965,1,2020-07-12,1
1966,1,2020-07-11,2
1967,1,2020-07-12,2
1968,1,2020-07-11,2
1969,1,2020-07-12,2
1970,0,2020-07-12,1
1971,1,2020-07-11,1
1972,1,2020-07-12,2
1973,1,2020-07-12,2
1974,0,2020-07-11,1
1975,1,2020-07-12,1
1976,1,2020-07-12,1
1977,1,2020-07-11,2
1978,0,2020-07-12,2
1979,1,2020-07-11,2
1980,1,2020-07-11,2
1981,1,2020-07-11,2
1982,0,2020-07-11,1
1983,1,2020-07-11,2
1984,1,2020-07-11,2
1985,1,2020-07-11,1
1986,1,2020-07-12,1
1987,0,2020-07-11,2
1988,1,2020-07-11,2
1989,1,2020-07-12,1
1990,1,2020-07-12,1
1991,1,2020-07-12,2
1992,1,2020-07-11,2
1993,1,2020-07-12,1
1994,0,2020-07-12,1
1995,0,2020-07-11,1
1996,0,2020-07-11,1
1997,1,2020-07-11,1
1998,1,2020-07-12,1
1999,1,2020-07-12,2
2000,1,2020-07-11,1
2001,1,2020-07-11,2
2002,0,2020-07-11,2
2003,1,2020-07-12,1
2004,1,2020-07-12,1
2005,1,2020-07-11,1
2006,1,2020-07-12,2
2007,1,2020-07-11,2
2008,1,2020-07-11,2
2009,1,2020-07-12,2
2010,1,2020-07-11,1
2011,1,2020-07-11,1
2012,0,2020-07-11,2
2013,1,2020-07-11,1
2014,0,2020-07-12,1
2015,0,2020-07-11,2
2016,1,2020-07-11,2
2017,1,2020-07-12,2
2018,0,2020-07-12,2
2019,1,2020-07-11,2
2020,0,2020-07-11,1
2021,1,2020-07-11,1
2022,0,2020-07-12,1
2023,0,2020-07-11,2
2024,1,2020-07-12,1
2025,1,2020-07-12,1
2026,1,2020-07-12,2
2027,1,2020-07-12,1
2028,1,2020-07-11,1
2029,1,2020-07-12,2
2030,1,2020-07-12,2
2031,1,2020-07-11,2
2032,1,2020-07-12,1
2033,1,2020-07-11,2
2034,1,2020-07-11,2
2035,1,2020-07-11,1
2036,1,2020-07-11,2
2037,1,2020-07-12,2
2038,0,2020-07-12,1
2039,1,2020-07-12,1
2040,1,2020-07-12,2
2041,1,2020-07-12,2
2042,1,2020-07-12,2
2043,1,2020-07-12,2
2044,1,2020-07-11,1
2045,1,2020-07-11,1
2046,1,2020-07-11,2
2047,0,2020-07-12,1
2048,1,2020-07-11,1
2049,1,2020-07-12,1
2050,1,2020-07-12,1
2051,1,2020-07-12,1
2052,1,2020-07-12,1
2053,0,2020-07-12,2
2054,1,2020-07-11,2
2055,0,2020-07-11,2
2056,1,2020-07-12,1
2057,1,2020-07-11,1
2058,1,2020-07-11,1
2059,0,2020-07-12,1
2060,1,2020-07-12,1
2061,1,2020-07-12,1
2062,1,2020-07-12,1
2063,0,2020-07-11,2
2064,1,2020-07-12,2
2065,1,2020-07-12,1
2066,1,2020-07-11,2
2067,1,2020-07-11,2
2068,0,2020-07-11,1
2069,1,2020-07-11,1
2070,1,2020-07-11,2
2071,1,2020-07-11,1
2072,0,2020-07-11,2
2073,1,2020-07-11,2
2074,1,2020-07-11,2
2075,0,2020-07-12,1
2076,1,2020-07-11,2
2077,1,2020-07-11,2
2078,1,2020-07-12,1
2079,1,2020-07-11,1
2080,1,2020-07-12,2
2081,1,2020-07-12,1
2082,1,2020-07-12,2
2083,1,2020-07-12,1
2084,1,2020-07-12,1
2085,1,2020-07-11,2
2086,1,2020-07-11,1
2087,1,2020-07-12,1
2088,1,2020-07-12,2
2089,0,2020-07-11,2
2090,1,2020-07-12,1
2091,1,2020-07-11,2
2092,1,2020-07-11,2
2093,1,2020-07-11,2
2094,0,2020-07-11,2
2095,1,2020-07-11,2
2096,1,2020-07-11,1
2097,1,2020-07-11,1
2098,1,2020-07-11,1
2099,1,2020-07-12,2
2100,1,2020-07-11,1
2101,1,2020-07-11,1
2102,1,2020-07-12,1
2103,0,2020-07-11,2
2104,1,2020-07-12,1
2105,1,2020-07-11,2
2106,0,2020-07-12,2
2107,1,2020-07-12,1
2108,1,2020-07-11,2
2109,1,2020-07-12,2
2110,1,2020-07-12,1
2111,1,2020-07-11,2
2112,1,2020-07-11,1
2113,1,2020-07-11,1
2114,1,2020-07-11,1
2115,1,2020-07-12,1
2116,1,2020-07-11,1
2117,1,2020-07-11,1
2118,1,2020-07-11,1
2119,0,2020-07-11,2
2120,1,2020-07-11,2
2121,1,2020-07-12,1
2122,1,2020-07-12,1
2123,1,2020-07-12,1
2124,1,2020-07-11,2
2125,1,2020-07-12,2
2126,0,2020-07-12,2
2127,0,2020-07-11,1
2128,1,2020-07-12,2
2129,1,2020-07-12,1
2130,1,2020-07-12,2
2131,1,2020-07-12,1
2132,0,2020-07-12,1
2133,1,2020-07-12,1
2134,0,2020-07-12,2
2135,0,2020-07-12,2
2136,1,2020-07-11,2
2137,1,2020-07-12,2
2138,1,2020-07-12,1
2139,1,2020-07-11,1
2140,1,2020-07-11,1
2141,0,2020-07-11,2
2142,0,2020-07-12,2
2143,1,2020-07-11,1
2144,1,2020-07-12,1
2145,0,2020-07-12,2
2146,1,2020-07-11,2
2147,1,2020-07-11,1
2148,1,2020-07-12,1
2149,1,2020-07-12,1
2150,0,2020-07-12,2
2151,1,2020-07-11,2
2152,0,2020-07-12,1
2153,1,2020-07-12,1
2154,1,2020-07-12,1
2155,1,2020-07-11,1
2156,1,2020-07-11,2
2157,1,2020-07-12,1
2158,1,2020-07-11,1
2159,1,2020-07-11,1
2160,1,2020-07-11,2
2161,1,2020-07-12,2
2162,1,2020-07-11,2
2163,1,2020-07-12,1
2164,1,2020-07-12,2
2165,1,2020-07-11,2
2166,1,2020-07-11,2
2167,1,2020-07-11,1
2168,1,2020-07-11,2
2169,1,2020-07-12,2
2170,1,2020-07-11,2
2171,1,2020-07-11,2
2172,0,2020-07-12,2
2173,0,2020-07-11,2
2174,1,2020-07-12,2
2175,1,2020-07-11,1
2176,1,2020-07-11,2
2177,1,2020-07-11,1
2178,0,2020-07-11,2
2179,0,2020-07-11,2
2180,1,2020-07-12,1
2181,1,2020-07-11,2
2182,1,2020-07-11,2
2183,1,2020-07-12,1
2184,1,2020-07-12,2
2185,1,2020-07-11,1
2186,0,2020-07-12,2
2187,1,2020-07-12,2
2188,1,2020-07-12,2
2189,1,2020-07-12,2
2190,1,2020-07-11,1
2191,1,2020-07-12,2
2192,1,2020-07-12,1
2193,1,2020-07-12,1
2194,1,2020-07-11,2
2195,1,2020-07-12,2
2196,1,2020-07-12,2
2197,1,2020-07-12,1
2198,1,2020-07-11,2
2199,1,2020-07-11,2
2200,1,2020-07-12,1
2201,1,2020-07-11,2
2202,0,2020-07-11,1
2203,1,2020-07-11,1
2204,1,2020-07-12,1
2205,1,2020-07-12,2
2206,1,2020-07-12,1
2207,1,2020-07-12,2
2208,1,2020-07-12,1
2209,1,2020-07-11,2
2210,1,2020-07-11,1
2211,1,2020-07-12,2
2212,1,2020-07-11,2
2213,1,2020-07-12,2
2214,1,2020-07-12,2
2215,1,2020-07-12,1
2216,1,2020-07-11,1
2217,1,2020-07-11,1
2218,1,2020-07-11,2
2219,0,2020-07-11,2
2220,1,2020-07-11,1
2221,1,2020-07-11,1
2222,1,2020-07-11,1
2223,0,2020-07-12,1
2224,0,2020-07-12,2
2225,1,2020-07-11,1
2226,1,2020-07-11,2
2227,1,2020-07-11,2
2228,1,2020-07-11,2
2229,1,2020-07-11,1
2230,1,2020-07-11,2
2231,0,2020-07-11,1
2232,1,2020-07-11,1
2233,1,2020-07-11,1
2234,1,2020-07-12,1
2235,1,2020-07-12,1
2236,1,2020-07-11,2
2237,1,2020-07-11,2
2238,0,2020-07-11,1
2239,1,2020-07-11,1
2240,1,2020-07-12,2
2241,1,2020-07-12,2
2242,0,2020-07-12,2
2243,1,2020-07-11,2
2244,1,2020-07-11,2
2245,0,2020-07-12,1
2246,1,2020-07-11,1
2247,1,2020-07-11,2
2248,1,2020-07-11,2
2249,1,2020-07-12,2
2250,1,2020-07-12,1
2251,1,2020-07-12,2
2252,1,2020-07-11,2
2253,1,2020-07-12,2
2254,1,2020-07-12,1
2255,1,2020-07-12,1
2256,1,2020-07-12,1
2257,1,2020-07-12,1
2258,1,2020-07-12,1
2259,1,2020-07-11,2
2260,1,2020-07-12,2
2261,1,2020-07-11,1
2262,1,2020-07-11,1
2263,1,2020-07-12,1
2264,0,2020-07-12,1
2265,0,2020-07-12,1
2266,1,2020-07-11,1
2267,1,2020-07-11,2
2268,0,2020-07-12,2
2269,1,2020-07-12,1
2270,1,2020-07-11,2
2271,1,2020-07-11,1
2272,0,2020-07-11,1
2273,1,2020-07-12,2
2274,1,2020-07-12,1
2275,1,2020-07-11,1
2276,0,2020-07-11,2
2277,1,2020-07-11,1
2278,1,2020-07-11,2
2279,0,2020-07-12,1
2280,1,2020-07-12,1
2281,1,2020-07-12,2
2282,1,2020-07-12,1
2283,0,2020-07-12,2
2284,1,2020-07-12,2
2285,1,2020-07-12,2
2286,0,2020-07-11,1
2287,0,2020-07-11,1
2288,0,2020-07-11,2
2289,0,2020-07-11,1
2290,1,2020-07-11,1
2291,1,2020-07-12,1
2292,1,2020-07-11,1
2293,1,2020-07-12,2
2294,1,2020-07-12,1
2295,1,2020-07-12,2
2296,1,2020-07-11,1
2297,1,2020-07-11,1
2298,0,2020-07-12,1
2299,1,2020-07-11,2
2300,1,2020-07-11,1
2301,1,2020-07-11,1
2302,1,2020-07-11,2
2303,1,2020-07-11,1
2304,1,2020-07-11,2
2305,0,2020-07-12,2
2306,1,2020-07-12,1
2307,1,2020-07-12,2
2308,1,2020-07-11,1
2309,1,2020-07-12,2
2310,1,2020-07-11,2
2311,0,2020-07-12,2
2312,1,2020-07-11,2
2313,1,2020-07-11,1
2314,1,2020-07-11,2
2315,0,2020-07-12,2
2316,1,2020-07-12,2
2317,0,2020-07-12,1
2318,1,2020-07-11,2
2319,1,2020-07-12,1
2320,0,2020-07-11,1
2321,1,2020-07-12,2
2322,1,2020-07-12,1
2323,1,2020-07-12,2
2324,0,2020-07-11,2
2325,1,2020-07-11,2
2326,1,2020-07-12,1
2327,1,2020-07-12,2
2328,1,2020-07-11,2
2329,1,2020-07-12,2
2330,1,2020-07-11,1
2331,1,2020-07-12,2
2332,1,2020-07-12,1
2333,1,2020-07-11,1
2334,1,2020-07-12,1
2335,1,2020-07-11,1
2336,0,2020-07-11,1
2337,1,2020-07-11,2
2338,1,2020-07-12,1
2339,1,2020-07-11,1
2340,0,2020-07-11,2
2341,1,2020-07-11,2
2342,1,2020-07-12,2
2343,1,2020-07-12,2
2344,1,2020-07-11,2
2345,1,2020-07-11,1
2346,1,2020-07-11,2
2347,1,2020-07-12,2
2348,1,2020-07-12,2
2349,1,2020-07-12,2
2350,1,2020-07-12,1
2351,1,2020-07-12,1
2352,1,2020-07-12,2
2353,1,2020-07-12,1
2354,1,2020-07-11,1
2355,1,2020-07-11,1
2356,1,2020-07-12,2
2357,1,2020-07-12,1
2358,1,2020-07-11,2
2359,1,2020-07-12,2
2360,0,2020-07-12,2
2361,1,2020-07-11,2
2362,1,2020-07-11,1
2363,1,2020-07-11,2
2364,0,2020-07-11,1
2365,1,2020-07-12,1
2366,1,2020-07-11,2
2367,0,2020-07-12,1
2368,0,2020-07-12,1
2369,1,2020-07-11,1
2370,1,2020-07-12,2
2371,1,2020-07-11,1
2372,1,2020-07-12,1
2373,1,2020-07-11,2
2374,1,2020-07-11,1
2375,1,2020-07-12,2
2376,1,2020-07-12,2
2377,1,2020-07-11,1
2378,0,2020-07-12,1
2379,1,2020-07-11,1
2380,1,2020-07-12,1
2381,1,2020-07-11,2
2382,0,2020-07-11,2
2383,1,2020-07-12,2
2384,1,2020-07-12,2
2385,0,2020-07-11,2
2386,1,2020-07-12,1
2387,1,2020-07-12,2
2388,1,2020-07-12,2
2389,1,2020-07-12,2
2390,1,2020-07-12,1
2391,0,2020-07-11,1
2392,1,2020-07-12,2
2393,1,2020-07-12,1
2394,1,2020-07-11,1
2395,1,2020-07-12,2
2396,1,2020-07-12,2
2397,0,2020-07-11,1
2398,1,2020-07-11,2
2399,0,2020-07-11,1
2400,1,2020-07-11,2
2401,0,2020-07-11,1
2402,1,2020-07-11,1
2403,0,2020-07-11,1
2404,0,2020-07-12,2
2405,1,2020-07-11,2
2406,1,2020-07-12,2
2407,0,2020-07-11,2
2408,1,2020-07-12,2
2409,0,2020-07-12,1
2410,1,2020-07-11,2
2411,1,2020-07-11,1
2412,1,2020-07-11,1
2413,0,2020-07-12,2
2414,1,2020-07-11,1
2415,1,2020-07-11,1
2416,1,2020-07-12,2
2417,1,2020-07-12,1
2418,1,2020-07-11,1
2419,1,2020-07-11,1
2420,1,2020-07-12,1
2421,0,2020-07-12,1
2422,1,2020-07-11,2
2423,0,2020-07-12,1
2424,0,2020-07-11,1
2425,1,2020-07-12,1
2426,1,2020-07-11,2
2427,0,2020-07-12,2
2428,0,2020-07-12,2
2429,1,2020-07-12,1
2430,0,2020-07-12,1
2431,1,2020-07-11,1
2432,1,2020-07-11,1
2433,1,2020-07-11,2
2434,1,2020-07-11,1
2435,1,2020-07-11,2
2436,1,2020-07-12,1
2437,0,2020-07-12,1
2438,1,2020-07-11,2
2439,1,2020-07-12,1
2440,0,2020-07-11,2
2441,1,2020-07-12,1
2442,1,2020-07-11,2
2443,1,2020-07-12,1
2444,1,2020-07-11,2
2445,1,2020-07-12,2
2446,1,2020-07-11,1
2447,1,2020-07-12,2
2448,1,2020-07-11,2
2449,1,2020-07-12,2
2450,1,2020-07-11,1
2451,0,2020-07-11,1
2452,1,2020-07-12,1
2453,1,2020-07-12,2
2454,1,2020-07-11,2
2455,1,2020-07-12,1
2456,1,2020-07-12,1
2457,1,2020-07-12,1
2458,1,2020-07-11,2
2459,1,2020-07-12,1
2460,1,2020-07-11,1
2461,1,2020-07-12,2
2462,1,2020-07-11,2
2463,1,2020-07-11,1
2464,1,2020-07-12,1
2465,1,2020-07-12,2
2466,1,2020-07-11,2
2467,1,2020-07-12,1
2468,1,2020-07-11,1
2469,0,2020-07-12,2
2470,1,2020-07-11,1
2471,1,2020-07-12,2
2472,0,2020-07-12,2
2473,1,2020-07-11,2
2474,1,2020-07-12,2
2475,1,2020-07-11,2
2476,0,2020-07-11,1
2477,1,2020-07-11,2
2478,1,2020-07-11,1
2479,1,2020-07-11,1
2480,1,2020-07-11,2
2481,1,2020-07-11,1
2482,1,2020-07-11,2
2483,0,2020-07-11,1
2484,1,2020-07-11,2
2485,1,2020-07-11,2
2486,1,2020-07-12,1
2487,1,2020-07-11,1
2488,0,2020-07-11,2
2489,1,2020-07-12,2
2490,1,2020-07-11,2
2491,1,2020-07-11,2
2492,1,2020-07-12,1
2493,1,2020-07-11,1
2494,1,2020-07-12,2
2495,0,2020-07-12,1
2496,1,2020-07-12,2
2497,1,2020-07-12,2
2498,0,2020-07-11,2
2499,0,2020-07-12,1
2500,1,2020-07-12,1
2501,1,2020-07-11,1
2502,0,2020-07-11,1
2503,1,2020-07-11,1
2504,1,2020-07-12,1
2505,1,2020-07-12,2
2506,0,2020-07-11,2
2507,1,2020-07-12,1
2508,1,2020-07-12,1
2509,1,2020-07-11,2
2510,1,2020-07-11,2
2511,1,2020-07-11,2
2512,0,2020-07-12,2
2513,1,2020-07-12,2
2514,1,2020-07-12,1
2515,1,2020-07-12,2
2516,0,2020-07-11,1
2517,1,2020-07-11,1
2518,1,2020-07-11,1
2519,1,2020-07-12,2
2520,1,2020-07-11,2
2521,1,2020-07-12,2
2522,1,2020-07-11,2
2523,1,2020-07-11,2
2524,1,2020-07-11,1
2525,1,2020-07-12,2
2526,1,2020-07-12,1
2527,0,2020-07-11,1
2528,1,2020-07-11,1
2529,1,2020-07-12,1
2530,1,2020-07-11,2
2531,1,2020-07-12,2
2532,1,2020-07-11,1
2533,1,2020-07-11,1
2534,1,2020-07-11,2
2535,0,2020-07-12,2
2536,1,2020-07-12,2
2537,1,2020-07-12,1
2538,1,2020-07-12,2
2539,1,2020-07-12,1
2540,1,2020-07-11,1
2541,1,2020-07-11,2
2542,1,2020-07-12,1
2543,1,2020-07-11,2
2544,1,2020-07-11,2
2545,1,2020-07-11,2
2546,0,2020-07-11,2
2547,1,2020-07-11,1
2548,1,2020-07-12,2
2549,1,2020-07-11,2
2550,1,2020-07-12,2
2551,0,2020-07-12,1
2552,1,2020-07-11,2
2553,0,2020-07-11,1
2554,1,2020-07-12,1
2555,1,2020-07-11,2
2556,1,2020-07-12,1
2557,1,2020-07-11,1
2558,0,2020-07-11,1
2559,1,2020-07-12,1
2560,1,2020-07-11,2
2561,1,2020-07-12,2
2562,1,2020-07-11,1
2563,1,2020-07-12,1
2564,1,2020-07-11,1
2565,1,2020-07-11,2
2566,1,2020-07-11,2
2567,1,2020-07-11,2
2568,1,2020-07-12,1
2569,0,2020-07-12,2
2570,1,2020-07-12,2
2571,0,2020-07-12,1
2572,1,2020-07-12,2
2573,0,2020-07-11,2
2574,1,2020-07-12,1
2575,0,2020-07-11,1
2576,1,2020-07-11,1
2577,1,2020-07-12,1
2578,1,2020-07-11,1
2579,1,2020-07-11,1
2580,1,2020-07-12,1
2581,1,2020-07-11,1
2582,1,2020-07-11,2
2583,1,2020-07-12,2
2584,1,2020-07-11,2
2585,1,2020-07-11,1
2586,1,2020-07-12,1
2587,1,2020-07-12,1
2588,1,2020-07-11,2
2589,1,2020-07-11,1
2590,1,2020-07-11,1
2591,1,2020-07-12,1
2592,1,2020-07-11,2
2593,1,2020-07-11,2
2594,1,2020-07-12,2
2595,1,2020-07-12,2
2596,1,2020-07-12,2
2597,1,2020-07-12,1
2598,1,2020-07-11,2
2599,1,2020-07-12,2
2600,1,2020-07-12,1
2601,1,2020-07-11,1
2602,1,2020-07-11,1
2603,1,2020-07-12,2
2604,0,2020-07-12,2
2605,1,2020-07-12,1
2606,1,2020-07-12,1
2607,1,2020-07-11,2
2608,0,2020-07-12,1
2609,0,2020-07-12,1
2610,0,2020-07-12,2
2611,1,2020-07-12,1
2612,1,2020-07-11,2
2613,1,2020-07-12,2
2614,1,2020-07-11,2
2615,1,2020-07-12,1
2616,1,2020-07-11,1
2617,1,2020-07-12,1
2618,1,2020-07-11,1
2619,1,2020-07-12,1
2620,1,2020-07-11,2
2621,1,2020-07-12,2
2622,1,2020-07-12,2
2623,0,2020-07-12,1
2624,1,2020-07-12,1
2625,1,2020-07-12,2
2626,0,2020-07-11,2
2627,1,2020-07-11,1
2628,0,2020-07-12,2
2629,1,2020-07-11,2
2630,1,2020-07-12,2
2631,1,2020-07-11,2
2632,0,2020-07-12,2
2633,1,2020-07-12,1
2634,1,2020-07-12,2
2635,1,2020-07-11,2
2636,0,2020-07-11,1
2637,1,2020-07-12,2
2638,1,2020-07-11,1
2639,1,2020-07-12,1
2640,0,2020-07-11,2
2641,1,2020-07-12,1
2642,1,2020-07-12,1
2643,0,2020-07-12,1
2644,1,2020-07-12,2
2645,1,2020-07-12,1
2646,1,2020-07-12,1
2647,1,2020-07-11,1
2648,1,2020-07-12,1
2649,0,2020-07-12,1
2650,1,2020-07-11,2
2651,1,2020-07-12,1
2652,1,2020-07-12,2
2653,1,2020-07-11,1
2654,0,2020-07-11,1
2655,1,2020-07-11,2
2656,1,2020-07-11,1
2657,1,2020-07-12,2
2658,0,2020-07-11,2
2659,1,2020-07-12,1
2660,1,2020-07-12,1
2661,1,2020-07-12,1
2662,1,2020-07-11,1
2663,1,2020-07-12,1
2664,1,2020-07-11,1
2665,1,2020-07-12,1
2666,0,2020-07-11,1
2667,1,2020-07-12,2
2668,1,2020-07-12,1
2669,0,2020-07-12,2
2670,0,2020-07-12,2
2671,1,2020-07-12,2
2672,1,2020-07-11,2
2673,1,2020-07-11,1
2674,1,2020-07-12,1
2675,1,2020-07-11,2
2676,1,2020-07-12,2
2677,1,2020-07-12,1
2678,0,2020-07-11,2
2679,1,2020-07-12,1
2680,1,2020-07-11,1
2681,1,2020-07-12,1
2682,1,2020-07-12,1
2683,1,2020-07-12,2
2684,1,2020-07-12,1
2685,1,2020-07-12,2
2686,0,2020-07-11,1
2687,1,2020-07-12,1
2688,1,2020-07-12,1
2689,1,2020-07-11,2
2690,0,2020-07-11,1
2691,1,2020-07-11,2
2692,1,2020-07-11,2
2693,0,2020-07-11,2
2694,1,2020-07-11,2
2695,1,2020-07-11,1
2696,1,2020-07-11,1
2697,1,2020-07-11,2
2698,1,2020-07-12,1
2699,1,2020-07-12,2
2700,1,2020-07-12,1
2701,1,2020-07-12,1
2702,1,2020-07-12,1
2703,1,2020-07-12,2
2704,1,2020-07-11,1
2705,0,2020-07-12,2
2706,1,2020-07-12,2
2707,1,2020-07-12,1
2708,0,2020-07-12,2
2709,0,2020-07-11,1
2710,1,2020-07-11,1
2711,1,2020-07-11,1
2712,1,2020-07-12,2
2713,1,2020-07-12,2
2714,1,2020-07-12,1
2715,1,2020-07-11,1
2716,1,2020-07-11,2
2717,1,2020-07-12,2
2718,0,2020-07-11,1
2719,1,2020-07-11,1
2720,1,2020-07-11,2
2721,0,2020-07-12,2
2722,1,2020-07-11,1
2723,1,2020-07-11,2
2724,1,2020-07-11,2
2725,1,2020-07-11,1
2726,1,2020-07-12,1
2727,1,2020-07-11,1
2728,0,2020-07-11,1
2729,1,2020-07-11,2
2730,1,2020-07-11,2
2731,1,2020-07-11,1
2732,0,2020-07-11,2
2733,1,2020-07-11,1
2734,1,2020-07-11,1
2735,1,2020-07-11,1
2736,1,2020-07-11,1
2737,1,2020-07-12,2
2738,1,2020-07-12,2
2739,1,2020-07-12,1
2740,0,2020-07-11,1
2741,1,2020-07-11,1
2742,0,2020-07-12,2
2743,1,2020-07-12,1
2744,0,2020-07-11,2
2745,1,2020-07-11,1
2746,1,2020-07-11,1
2747,1,2020-07-12,2
2748,1,2020-07-11,2
2749,0,2020-07-11,1
2750,1,2020-07-12,1
2751,1,2020-07-12,1
2752,1,2020-07-12,2
2753,1,2020-07-11,1
2754,0,2020-07-11,1
2755,1,2020-07-12,1
2756,1,2020-07-12,2
2757,1,2020-07-12,1
2758,0,2020-07-12,2
2759,1,2020-07-12,2
2760,0,2020-07-11,2
2761,1,2020-07-11,2
2762,1,2020-07-11,2
2763,1,2020-07-12,1
2764,1,2020-07-11,2
2765,1,2020-07-11,1
2766,1,2020-07-11,2
2767,1,2020-07-11,1
2768,0,2020-07-12,1
2769,0,2020-07-12,2
2770,1,2020-07-11,1
2771,1,2020-07-12,1
2772,1,2020-07-11,1
2773,1,2020-07-12,1
2774,1,2020-07-12,2
2775,0,2020-07-11,2
2776,1,2020-07-11,1
2777,1,2020-07-11,2
2778,1,2020-07-11,2
2779,1,2020-07-12,2
2780,1,2020-07-12,2
2781,1,2020-07-11,1
2782,1,2020-07-11,1
2783,1,2020-07-11,2
2784,0,2020-07-12,2
2785,0,2020-07-12,1
2786,1,2020-07-12,1
2787,1,2020-07-12,2
2788,1,2020-07-12,1
2789,1,2020-07-12,2
2790,0,2020-07-12,1
2791,1,2020-07-12,2
2792,0,2020-07-11,1
2793,1,2020-07-12,1
2794,1,2020-07-11,1
2795,1,2020-07-11,1
2796,1,2020-07-12,1
2797,1,2020-07-11,1
2798,1,2020-07-12,1
2799,1,2020-07-11,1
2800,0,2020-07-11,2
2801,1,2020-07-12,2
2802,0,2020-07-11,2
2803,0,2020-07-12,2
2804,1,2020-07-12,2
2805,0,2020-07-11,2
2806,1,2020-07-11,1
2807,1,2020-07-12,1
2808,1,2020-07-12,1
2809,1,2020-07-12,2
2810,0,2020-07-11,2
2811,1,2020-07-11,1
2812,1,2020-07-12,1
2813,1,2020-07-11,1
2814,0,2020-07-12,2
2815,1,2020-07-11,1
2816,0,2020-07-11,1
2817,0,2020-07-11,1
2818,1,2020-07-12,1
2819,0,2020-07-11,2
2820,1,2020-07-12,2
2821,1,2020-07-11,1
2822,1,2020-07-12,2
2823,1,2020-07-11,2
2824,1,2020-07-12,1
2825,1,2020-07-11,1
2826,1,2020-07-12,1
2827,1,2020-07-11,1
2828,1,2020-07-12,2
2829,0,2020-07-11,2
2830,0,2020-07-12,1
2831,1,2020-07-11,1
2832,1,2020-07-12,1
2833,1,2020-07-12,1
2834,1,2020-07-11,2
2835,1,2020-07-12,2
2836,1,2020-07-12,1
2837,1,2020-07-12,1
2838,1,2020-07-12,2
2839,0,2020-07-12,2
2840,1,2020-07-11,1
2841,1,2020-07-12,1
2842,0,2020-07-11,2
2843,1,2020-07-11,1
2844,0,2020-07-11,1
2845,1,2020-07-12,1
2846,0,2020-07-11,2
2847,1,2020-07-12,2
2848,1,2020-07-12,1
2849,1,2020-07-11,2
2850,1,2020-07-11,2
2851,1,2020-07-11,2
2852,1,2020-07-11,1
2853,1,2020-07-12,1
2854,1,2020-07-12,2
2855,0,2020-07-11,2
2856,1,2020-07-12,2
2857,1,2020-07-12,1
2858,1,2020-07-11,1
2859,1,2020-07-12,2
2860,1,2020-07-12,1
2861,1,2020-07-12,1
2862,1,2020-07-12,2
2863,1,2020-07-11,1
2864,1,2020-07-11,1
2865,1,2020-07-12,2
2866,1,2020-07-11,2
2867,1,2020-07-11,2
2868,1,2020-07-12,1
2869,0,2020-07-11,1
2870,1,2020-07-12,1
2871,1,2020-07-12,2
2872,0,2020-07-11,1
2873,0,2020-07-12,2
2874,1,2020-07-12,1
2875,0,2020-07-12,1
2876,1,2020-07-11,1
2877,1,2020-07-11,1
2878,1,2020-07-11,2
2879,0,2020-07-11,2
2880,0,2020-07-12,1
2881,0,2020-07-11,1
2882,1,2020-07-11,2
2883,1,2020-07-11,2
2884,1,2020-07-12,2
2885,1,2020-07-11,1
2886,1,2020-07-11,1
2887,1,2020-07-11,1
2888,0,2020-07-11,1
2889,1,2020-07-11,1
2890,0,2020-07-12,1
2891,1,2020-07-11,2
2892,1,2020-07-12,1
2893,1,2020-07-12,2
2894,1,2020-07-12,2
2895,1,2020-07-11,1
2896,1,2020-07-11,2
2897,1,2020-07-11,2
2898,1,2020-07-12,1
2899,1,2020-07-11,1
2900,1,2020-07-11,1
2901,1,2020-07-11,1
2902,1,2020-07-11,1
2903,1,2020-07-11,1
2904,1,2020-07-11,1
2905,0,2020-07-11,2
2906,1,2020-07-12,1
2907,1,2020-07-12,2
2908,1,2020-07-11,2
2909,0,2020-07-11,1
2910,1,2020-07-12,1
2911,1,2020-07-12,1
2912,1,2020-07-12,1
2913,1,2020-07-12,2
2914,1,2020-07-11,2
2915,1,2020-07-11,1
2916,1,2020-07-11,2
2917,1,2020-07-11,2
2918,1,2020-07-12,1
2919,1,2020-07-11,1
2920,1,2020-07-11,1
2921,1,2020-07-11,2
2922,1,2020-07-11,2
2923,1,2020-07-12,2
2924,1,2020-07-11,2
2925,1,2020-07-11,1
2926,1,2020-07-12,1
2927,1,2020-07-12,1
2928,1,2020-07-11,1
2929,1,2020-07-11,1
2930,1,2020-07-12,1
2931,1,2020-07-11,1
2932,1,2020-07-12,1
2933,1,2020-07-12,2
2934,1,2020-07-11,1
2935,1,2020-07-11,1
2936,1,2020-07-11,2
2937,1,2020-07-12,1
2938,0,2020-07-12,1
2939,1,2020-07-12,1
2940,1,2020-07-11,1
2941,1,2020-07-12,1
2942,1,2020-07-12,1
2943,1,2020-07-12,2
2944,1,2020-07-12,2
2945,1,2020-07-12,1
2946,1,2020-07-12,1
2947,1,2020-07-12,2
2948,1,2020-07-12,1
2949,0,2020-07-11,1
2950,0,2020-07-12,2
2951,0,2020-07-12,2
2952,0,2020-07-12,2
2953,0,2020-07-12,2
2954,1,2020-07-12,1
2955,1,2020-07-12,1
2956,0,2020-07-11,2
2957,1,2020-07-11,2
2958,1,2020-07-12,2
2959,1,2020-07-11,2
2960,1,2020-07-12,2
2961,1,2020-07-12,1
2962,1,2020-07-12,1
2963,1,2020-07-11,2
2964,1,2020-07-11,1
2965,0,2020-07-11,2
2966,1,2020-07-11,2
2967,1,2020-07-12,2
2968,0,2020-07-12,1
2969,0,2020-07-11,2
2970,1,2020-07-11,2
2971,1,2020-07-11,1
2972,0,2020-07-11,2
2973,1,2020-07-11,1
2974,0,2020-07-11,2
2975,1,2020-07-11,1
2976,1,2020-07-12,2
2977,1,2020-07-11,1
2978,1,2020-07-11,1
2979,1,2020-07-11,1
2980,1,2020-07-12,1
2981,1,2020-07-11,1
2982,1,2020-07-12,2
2983,1,2020-07-11,2
2984,1,2020-07-12,1
2985,1,2020-07-11,2
2986,0,2020-07-12,2
2987,1,2020-07-11,2
2988,1,2020-07-11,2
2989,1,2020-07-12,2
2990,1,2020-07-11,1
2991,1,2020-07-11,1
2992,0,2020-07-12,1
2993,1,2020-07-11,1
2994,1,2020-07-12,2
2995,1,2020-07-11,2
2996,1,2020-07-11,2
2997,1,2020-07-11,2
2998,1,2020-07-11,2
2999,1,2020-07-12,2
3000,1,2020-07-11,1
